-- phpMyAdmin SQL Dump
-- version 5.2.1
-- https://www.phpmyadmin.net/
--
-- Servidor: 127.0.0.1
-- Tiempo de generación: 21-11-2023 a las 21:58:26
-- Versión del servidor: 10.4.28-MariaDB
-- Versión de PHP: 8.2.4

SET SQL_MODE = "NO_AUTO_VALUE_ON_ZERO";
START TRANSACTION;
SET time_zone = "+00:00";


/*!40101 SET @OLD_CHARACTER_SET_CLIENT=@@CHARACTER_SET_CLIENT */;
/*!40101 SET @OLD_CHARACTER_SET_RESULTS=@@CHARACTER_SET_RESULTS */;
/*!40101 SET @OLD_COLLATION_CONNECTION=@@COLLATION_CONNECTION */;
/*!40101 SET NAMES utf8mb4 */;

--
-- Base de datos: `mentest`
--

-- --------------------------------------------------------

--
-- Estructura de tabla para la tabla `categoria`
--

CREATE TABLE `categoria` (
  `id_categoria` int(11) NOT NULL,
  `descripcion` varchar(255) NOT NULL,
  `id_color` int(11) NOT NULL
) ENGINE=InnoDB DEFAULT CHARSET=utf8mb4 COLLATE=utf8mb4_general_ci;

--
-- Volcado de datos para la tabla `categoria`
--

INSERT INTO `categoria` (`id_categoria`, `descripcion`, `id_color`) VALUES
(1, 'Conocimiento general', 1),
(2, 'Programacion PHP', 2),
(3, 'Base de datos', 3),
(4, 'Programación Orientada a Objetos', 4),
(5, 'Estilos en CSS', 5);

-- --------------------------------------------------------

--
-- Estructura de tabla para la tabla `color`
--

CREATE TABLE `color` (
  `id_color` int(11) NOT NULL,
  `color` varchar(255) NOT NULL
) ENGINE=InnoDB DEFAULT CHARSET=utf8mb4 COLLATE=utf8mb4_general_ci;

--
-- Volcado de datos para la tabla `color`
--

INSERT INTO `color` (`id_color`, `color`) VALUES
(1, '#E0707'),
(2, '#0F9668'),
(3, '#DFAE15'),
(4, '#3410F1'),
(5, '#D43CA0');

-- --------------------------------------------------------

--
-- Estructura de tabla para la tabla `estado_pregunta`
--

CREATE TABLE `estado_pregunta` (
  `id` int(11) NOT NULL,
  `descripcion` varchar(255) NOT NULL
) ENGINE=InnoDB DEFAULT CHARSET=utf8mb4 COLLATE=utf8mb4_general_ci;

--
-- Volcado de datos para la tabla `estado_pregunta`
--

INSERT INTO `estado_pregunta` (`id`, `descripcion`) VALUES
(1, 'SUGERIDA'),
(2, 'APROBADA'),
(3, 'REPORTADA');

-- --------------------------------------------------------

--
-- Estructura de tabla para la tabla `partida`
--

CREATE TABLE `partida` (
  `id` int(11) NOT NULL,
  `id_usuario` int(11) NOT NULL,
  `puntaje` int(11) NOT NULL,
  `fecha` timestamp NOT NULL DEFAULT current_timestamp()
) ENGINE=InnoDB DEFAULT CHARSET=utf8mb4 COLLATE=utf8mb4_general_ci;

--
-- Volcado de datos para la tabla `partida`
--

INSERT INTO `partida` (`id`, `id_usuario`, `puntaje`, `fecha`) VALUES
(36, 1, 5, '2023-10-31 00:22:13'),
(37, 1, 3, '2023-10-31 00:43:14'),
(38, 1, 3, '2023-10-31 00:43:24'),
(39, 1, 3, '2023-10-31 00:44:38'),
(40, 1, 3, '2023-10-31 00:56:18'),
(41, 1, 15, '2023-10-31 01:04:24'),
(42, 1, 2, '2023-11-01 00:56:47'),
(43, 1, 2, '2023-11-07 22:00:32'),
(44, 1, 0, '2023-11-07 22:00:35'),
(45, 1, 6, '2023-11-07 23:18:14'),
(46, 1, 0, '2023-11-07 23:18:34'),
(47, 1, 1, '2023-11-07 23:19:01'),
(48, 1, 1, '2023-11-07 23:23:31'),
(49, 1, 1, '2023-11-07 23:23:40'),
(50, 1, 1, '2023-11-07 23:23:45'),
(51, 1, 1, '2023-11-07 23:26:59'),
(52, 1, 0, '2023-11-07 23:27:21'),
(53, 1, 0, '2023-11-07 23:27:24'),
(54, 1, 1, '2023-11-07 23:27:29'),
(55, 1, 1, '2023-11-07 23:27:47'),
(56, 1, 1, '2023-11-07 23:27:55'),
(57, 1, 6, '2023-11-07 23:31:49'),
(58, 1, 1, '2023-11-07 23:32:10'),
(59, 1, 0, '2023-11-07 23:32:22'),
(60, 1, 8, '2023-11-07 23:32:52'),
(61, 1, 2, '2023-11-07 23:33:03'),
(62, 1, 0, '2023-11-07 23:33:04'),
(63, 1, 29, '2023-11-07 23:36:15'),
(64, 1, 0, '2023-11-07 23:36:18'),
(65, 1, 0, '2023-11-07 23:36:19'),
(66, 1, 0, '2023-11-07 23:36:22'),
(67, 1, 2, '2023-11-07 23:36:33'),
(68, 1, 0, '2023-11-07 23:36:37'),
(69, 1, 0, '2023-11-07 23:36:39'),
(70, 1, 0, '2023-11-07 23:36:43'),
(71, 1, 2, '2023-11-07 23:36:48'),
(72, 1, 8, '2023-11-07 23:37:01'),
(73, 1, 1, '2023-11-07 23:40:28'),
(74, 1, 1, '2023-11-07 23:41:56'),
(75, 1, 4, '2023-11-07 23:42:13'),
(76, 1, 1, '2023-11-07 23:42:21'),
(77, 1, 2, '2023-11-07 23:42:42'),
(78, 1, 5, '2023-11-07 23:43:21'),
(79, 1, 2, '2023-11-07 23:43:28'),
(80, 1, 1, '2023-11-07 23:43:43'),
(81, 1, 1, '2023-11-07 23:51:02'),
(82, 1, 1, '2023-11-07 23:52:24'),
(83, 1, 3, '2023-11-08 00:00:21'),
(84, 1, 6, '2023-11-08 00:00:48'),
(85, 1, 4, '2023-11-08 00:01:20'),
(86, 1, 3, '2023-11-08 00:01:27'),
(87, 1, 0, '2023-11-08 00:03:54'),
(88, 1, 2, '2023-11-08 00:04:02'),
(89, 1, 2, '2023-11-08 00:05:06'),
(90, 1, 1, '2023-11-08 00:08:09'),
(91, 1, 1, '2023-11-08 00:08:13'),
(92, 1, 1, '2023-11-08 00:08:16'),
(93, 1, 1, '2023-11-08 00:12:45'),
(94, 1, 2, '2023-11-08 00:18:20'),
(95, 1, 4, '2023-11-08 00:28:11'),
(96, 1, 0, '2023-11-08 00:28:13'),
(97, 1, 0, '2023-11-08 00:28:15'),
(98, 1, 0, '2023-11-08 00:28:17'),
(99, 1, 0, '2023-11-08 00:28:18'),
(100, 1, 0, '2023-11-08 00:28:20'),
(101, 1, 2, '2023-11-08 00:37:53'),
(102, 1, 1, '2023-11-08 00:37:56'),
(103, 1, 6, '2023-11-08 00:46:24'),
(104, 1, 2, '2023-11-08 00:47:40'),
(105, 1, 1, '2023-11-08 00:48:00'),
(106, 1, 1, '2023-11-08 00:48:12'),
(107, 1, 1, '2023-11-08 00:48:16'),
(108, 1, 0, '2023-11-08 00:48:18'),
(109, 1, 2, '2023-11-08 00:48:42'),
(110, 1, 1, '2023-11-08 00:52:20'),
(111, 1, 1, '2023-11-08 00:52:21'),
(112, 1, 2, '2023-11-08 00:53:12'),
(113, 1, 1, '2023-11-08 00:53:13'),
(114, 1, 2, '2023-11-08 00:53:18'),
(115, 1, 2, '2023-11-08 00:53:22'),
(116, 1, 2, '2023-11-08 00:53:25'),
(117, 1, 2, '2023-11-09 22:08:56'),
(118, 1, 1, '2023-11-09 22:08:58'),
(119, 1, 2, '2023-11-09 22:09:03'),
(120, 1, 2, '2023-11-09 22:09:06'),
(121, 1, 1, '2023-11-09 22:09:07'),
(122, 1, 1, '2023-11-09 22:09:11'),
(123, 1, 2, '2023-11-09 22:09:14'),
(124, 1, 2, '2023-11-09 22:09:18'),
(125, 1, 1, '2023-11-09 22:09:23'),
(126, 1, 1, '2023-11-09 22:49:09'),
(127, 1, 1, '2023-11-09 22:49:13'),
(128, 1, 1, '2023-11-09 22:49:16'),
(129, 1, 0, '2023-11-09 22:49:18'),
(130, 1, 1, '2023-11-09 22:49:21'),
(131, 1, 1, '2023-11-09 22:49:24'),
(132, 1, 12, '2023-11-09 22:59:58'),
(133, 1, 0, '2023-11-09 23:00:03'),
(134, 1, 0, '2023-11-09 23:00:05'),
(135, 1, 0, '2023-11-09 23:00:07'),
(136, 1, 0, '2023-11-09 23:00:09'),
(137, 1, 0, '2023-11-09 23:00:10'),
(138, 1, 0, '2023-11-09 23:00:12'),
(139, 1, 5, '2023-11-09 23:00:20'),
(140, 1, 2, '2023-11-09 23:00:23'),
(141, 1, 1, '2023-11-10 03:15:10'),
(142, 1, 30, '2023-11-10 03:19:48'),
(143, 1, 1, '2023-11-10 03:19:56'),
(144, 1, 1, '2023-11-10 03:23:23'),
(145, 1, 0, '2023-11-10 21:26:32'),
(146, 1, 9, '2023-11-10 21:26:48'),
(147, 1, 0, '2023-11-10 21:28:44'),
(148, 1, 2, '2023-11-10 21:30:01'),
(149, 1, 1, '2023-11-10 21:35:07'),
(150, 1, 12, '2023-11-10 21:39:27'),
(151, 1, 14, '2023-11-11 01:03:01'),
(152, 1, 5, '2023-11-13 22:42:16'),
(153, 1, 0, '2023-11-13 22:46:54'),
(154, 1, 0, '2023-11-13 22:59:37'),
(155, 1, 0, '2023-11-13 23:00:31'),
(156, 1, 0, '2023-11-13 23:16:55'),
(157, 1, 0, '2023-11-13 23:17:15'),
(158, 1, 0, '2023-11-13 23:17:45'),
(159, 1, 0, '2023-11-13 23:18:12'),
(160, 1, 0, '2023-11-13 23:18:33'),
(161, 1, 0, '2023-11-13 23:18:51'),
(162, 1, 0, '2023-11-13 23:27:38'),
(163, 1, 0, '2023-11-13 23:28:36'),
(164, 1, 0, '2023-11-13 23:30:57'),
(165, 1, 0, '2023-11-13 23:34:03'),
(166, 1, 0, '2023-11-13 23:36:29'),
(167, 1, 0, '2023-11-13 23:39:03'),
(168, 1, 0, '2023-11-14 00:25:14'),
(169, 1, 0, '2023-11-14 00:25:45'),
(170, 1, 0, '2023-11-14 00:27:35'),
(171, 1, 0, '2023-11-14 00:27:38'),
(172, 1, 0, '2023-11-14 00:27:42'),
(173, 1, 0, '2023-11-14 00:27:56'),
(174, 1, 0, '2023-11-14 00:27:59'),
(175, 1, 0, '2023-11-14 00:28:11'),
(176, 1, 0, '2023-11-14 00:28:29'),
(177, 1, 0, '2023-11-14 00:28:31'),
(178, 1, 0, '2023-11-14 00:28:41'),
(179, 1, 0, '2023-11-14 00:29:47'),
(180, 1, 0, '2023-11-14 00:29:49'),
(181, 1, 0, '2023-11-14 00:29:55'),
(182, 1, 0, '2023-11-14 00:30:29'),
(183, 1, 0, '2023-11-14 00:30:32'),
(184, 1, 0, '2023-11-14 00:30:45'),
(185, 1, 0, '2023-11-14 00:31:03'),
(186, 1, 0, '2023-11-14 00:32:11'),
(187, 1, 0, '2023-11-14 02:01:50'),
(188, 1, 0, '2023-11-14 22:53:46'),
(189, 1, 0, '2023-11-14 22:53:49'),
(190, 1, 0, '2023-11-14 22:53:51'),
(191, 1, 0, '2023-11-14 22:53:52'),
(192, 1, 0, '2023-11-14 22:54:04'),
(193, 1, 0, '2023-11-14 22:56:29'),
(194, 1, 0, '2023-11-14 22:56:33'),
(195, 1, 0, '2023-11-14 22:58:07'),
(196, 1, 0, '2023-11-14 22:59:29'),
(197, 1, 0, '2023-11-14 22:59:32'),
(198, 1, 0, '2023-11-14 23:05:03'),
(199, 1, 0, '2023-11-14 23:05:05'),
(200, 1, 0, '2023-11-14 23:13:40'),
(201, 1, 0, '2023-11-14 23:13:42'),
(202, 1, 0, '2023-11-14 23:13:44'),
(203, 1, 0, '2023-11-14 23:13:48'),
(204, 1, 0, '2023-11-14 23:14:52'),
(205, 1, 0, '2023-11-14 23:14:55'),
(206, 1, 0, '2023-11-14 23:16:25'),
(207, 1, 0, '2023-11-14 23:16:34'),
(208, 1, 0, '2023-11-14 23:16:36'),
(209, 1, 0, '2023-11-14 23:16:42'),
(210, 1, 0, '2023-11-14 23:17:10'),
(211, 1, 0, '2023-11-14 23:17:12'),
(212, 1, 0, '2023-11-14 23:17:13'),
(213, 1, 0, '2023-11-14 23:17:25'),
(214, 1, 0, '2023-11-14 23:17:37'),
(215, 1, 0, '2023-11-14 23:17:38'),
(216, 1, 0, '2023-11-14 23:18:24'),
(217, 1, 0, '2023-11-14 23:18:36'),
(218, 1, 0, '2023-11-14 23:19:16'),
(219, 1, 0, '2023-11-14 23:19:17'),
(220, 1, 0, '2023-11-14 23:19:19'),
(221, 1, 0, '2023-11-14 23:25:21'),
(222, 1, 0, '2023-11-14 23:25:22'),
(223, 1, 0, '2023-11-14 23:25:31'),
(224, 1, 0, '2023-11-14 23:25:44'),
(225, 1, 0, '2023-11-14 23:30:25'),
(226, 1, 0, '2023-11-14 23:30:27'),
(227, 1, 0, '2023-11-14 23:30:40'),
(228, 1, 0, '2023-11-14 23:30:42'),
(229, 1, 0, '2023-11-14 23:33:39'),
(230, 1, 0, '2023-11-14 23:33:51'),
(231, 1, 0, '2023-11-14 23:37:06'),
(232, 1, 0, '2023-11-14 23:37:08'),
(233, 1, 0, '2023-11-14 23:37:22'),
(234, 1, 0, '2023-11-14 23:37:24'),
(235, 1, 0, '2023-11-14 23:37:26'),
(236, 1, 0, '2023-11-14 23:37:28'),
(237, 1, 0, '2023-11-14 23:37:39'),
(238, 1, 0, '2023-11-14 23:38:47'),
(239, 1, 0, '2023-11-14 23:39:02'),
(240, 1, 3, '2023-11-14 23:44:13'),
(241, 1, 0, '2023-11-14 23:50:26'),
(242, 1, 3, '2023-11-15 00:05:18'),
(243, 1, 0, '2023-11-15 00:05:49'),
(244, 1, 0, '2023-11-15 00:06:02'),
(245, 1, 4, '2023-11-15 00:08:19'),
(246, 1, 2, '2023-11-15 00:11:17'),
(247, 1, 4, '2023-11-15 00:11:28'),
(248, 1, 6, '2023-11-15 00:11:44'),
(249, 1, 3, '2023-11-15 00:14:29'),
(250, 1, 4, '2023-11-15 00:14:40'),
(251, 1, 0, '2023-11-15 00:21:57'),
(252, 1, 0, '2023-11-15 00:23:02'),
(253, 1, 0, '2023-11-15 00:24:29'),
(254, 1, 0, '2023-11-15 00:24:52'),
(255, 1, 0, '2023-11-15 00:25:33'),
(256, 1, 0, '2023-11-15 00:25:51'),
(257, 1, 0, '2023-11-15 00:27:19'),
(258, 1, 0, '2023-11-15 00:28:52'),
(259, 1, 0, '2023-11-15 00:29:06'),
(260, 1, 2, '2023-11-15 00:29:31'),
(261, 1, 0, '2023-11-15 00:29:45'),
(262, 1, 2, '2023-11-15 00:29:52'),
(263, 1, 0, '2023-11-15 00:30:08'),
(264, 1, 1, '2023-11-15 00:32:08'),
(265, 1, 1, '2023-11-15 00:32:23'),
(266, 1, 0, '2023-11-15 00:35:54'),
(267, 1, 0, '2023-11-15 00:35:55'),
(268, 1, 0, '2023-11-15 00:36:29'),
(269, 1, 2, '2023-11-15 00:38:23'),
(270, 1, 1, '2023-11-15 00:38:31'),
(271, 1, 0, '2023-11-15 00:41:41'),
(272, 1, 1, '2023-11-15 00:43:59'),
(273, 1, 1, '2023-11-15 00:44:15'),
(274, 1, 0, '2023-11-15 00:45:08'),
(275, 1, 0, '2023-11-15 00:45:09'),
(276, 1, 0, '2023-11-15 00:45:10'),
(277, 1, 0, '2023-11-15 00:45:10'),
(278, 1, 0, '2023-11-15 00:45:10'),
(279, 1, 0, '2023-11-15 00:45:10'),
(280, 1, 0, '2023-11-15 00:45:11'),
(281, 1, 0, '2023-11-15 00:47:28'),
(282, 1, 2, '2023-11-15 00:47:41'),
(283, 1, 2, '2023-11-15 00:47:48'),
(284, 1, 3, '2023-11-15 00:47:54'),
(285, 1, 0, '2023-11-15 00:48:06'),
(286, 1, 0, '2023-11-15 00:49:31'),
(287, 1, 0, '2023-11-15 00:49:32'),
(288, 1, 0, '2023-11-15 00:49:43'),
(289, 1, 0, '2023-11-15 00:49:43'),
(290, 1, 0, '2023-11-15 00:49:43'),
(291, 1, 0, '2023-11-15 00:49:44'),
(292, 1, 2, '2023-11-15 00:49:55'),
(293, 1, 2, '2023-11-15 00:50:00'),
(294, 1, 0, '2023-11-15 00:50:16'),
(295, 1, 0, '2023-11-15 00:55:57'),
(296, 1, 0, '2023-11-15 00:56:09'),
(297, 1, 0, '2023-11-15 00:56:10'),
(298, 1, 0, '2023-11-15 00:56:10'),
(299, 1, 0, '2023-11-15 00:56:11'),
(300, 1, 0, '2023-11-15 00:56:11'),
(301, 1, 0, '2023-11-15 00:56:13'),
(302, 1, 0, '2023-11-15 00:56:13'),
(303, 1, 0, '2023-11-15 00:56:57'),
(304, 1, 1, '2023-11-15 01:00:43'),
(305, 1, 1, '2023-11-15 01:02:16'),
(306, 1, 0, '2023-11-15 01:03:08'),
(307, 1, 1, '2023-11-15 01:07:34'),
(308, 1, 0, '2023-11-15 01:07:46'),
(309, 1, 1, '2023-11-15 01:09:22'),
(310, 1, 0, '2023-11-15 01:09:26'),
(311, 1, 0, '2023-11-15 01:09:38'),
(312, 1, 1, '2023-11-15 01:10:15'),
(313, 1, 1, '2023-11-15 01:10:35'),
(314, 1, 0, '2023-11-15 01:10:48'),
(315, 1, 1, '2023-11-15 01:12:27'),
(316, 1, 0, '2023-11-15 01:12:40'),
(317, 1, 0, '2023-11-15 01:13:05'),
(318, 1, 0, '2023-11-15 01:13:08'),
(319, 1, 0, '2023-11-15 01:13:09'),
(320, 1, 0, '2023-11-15 01:13:10'),
(321, 1, 0, '2023-11-15 01:13:10'),
(322, 1, 0, '2023-11-15 01:13:11'),
(323, 1, 0, '2023-11-15 01:13:11'),
(324, 1, 0, '2023-11-15 01:13:11'),
(325, 1, 0, '2023-11-15 01:13:11'),
(326, 1, 0, '2023-11-15 01:13:11'),
(327, 1, 0, '2023-11-15 01:13:22'),
(328, 1, 0, '2023-11-15 01:13:24'),
(329, 1, 0, '2023-11-15 01:13:25'),
(330, 1, 0, '2023-11-15 01:13:26'),
(331, 1, 0, '2023-11-15 01:13:27'),
(332, 1, 0, '2023-11-15 01:13:27'),
(333, 1, 0, '2023-11-15 01:13:28'),
(334, 1, 0, '2023-11-15 01:13:29'),
(335, 1, 0, '2023-11-15 01:13:29'),
(336, 1, 0, '2023-11-15 01:13:30'),
(337, 1, 0, '2023-11-15 01:13:30'),
(338, 1, 0, '2023-11-15 01:13:31'),
(339, 1, 0, '2023-11-15 01:13:31'),
(340, 1, 0, '2023-11-15 01:13:31'),
(341, 1, 0, '2023-11-15 01:13:32'),
(342, 1, 0, '2023-11-15 01:13:32'),
(343, 1, 0, '2023-11-15 01:13:32'),
(344, 1, 0, '2023-11-15 01:13:33'),
(345, 1, 0, '2023-11-15 01:13:33'),
(346, 1, 0, '2023-11-15 01:13:33'),
(347, 1, 0, '2023-11-15 01:13:33'),
(348, 1, 0, '2023-11-15 01:13:34'),
(349, 1, 0, '2023-11-15 01:13:34'),
(350, 1, 0, '2023-11-15 01:13:35'),
(351, 1, 0, '2023-11-15 01:13:35'),
(352, 1, 0, '2023-11-15 01:13:35'),
(353, 1, 0, '2023-11-15 01:13:35'),
(354, 1, 0, '2023-11-15 01:13:36'),
(355, 1, 0, '2023-11-15 01:13:36'),
(356, 1, 0, '2023-11-15 01:13:36'),
(357, 1, 0, '2023-11-15 01:13:36'),
(358, 1, 0, '2023-11-15 01:13:37'),
(359, 1, 0, '2023-11-15 01:13:37'),
(360, 1, 0, '2023-11-15 01:13:37'),
(361, 1, 0, '2023-11-15 01:13:37'),
(362, 1, 0, '2023-11-15 01:13:37'),
(363, 1, 0, '2023-11-15 01:13:38'),
(364, 1, 0, '2023-11-15 01:13:42'),
(365, 1, 0, '2023-11-15 01:13:42'),
(366, 1, 0, '2023-11-15 01:13:42'),
(367, 1, 0, '2023-11-15 01:13:42'),
(368, 1, 0, '2023-11-15 01:13:43'),
(369, 1, 0, '2023-11-15 01:13:43'),
(370, 1, 0, '2023-11-15 01:13:43'),
(371, 1, 0, '2023-11-15 01:13:44'),
(372, 1, 1, '2023-11-15 01:16:47'),
(373, 1, 0, '2023-11-15 01:17:16'),
(374, 1, 2, '2023-11-15 01:17:25'),
(375, 1, 0, '2023-11-15 01:17:58'),
(376, 1, 1, '2023-11-15 01:18:06'),
(377, 1, 0, '2023-11-15 01:23:34'),
(378, 1, 2, '2023-11-15 01:23:44'),
(379, 1, 0, '2023-11-15 01:23:47'),
(380, 1, 0, '2023-11-15 01:23:52'),
(381, 1, 0, '2023-11-15 01:24:13'),
(382, 1, 0, '2023-11-15 01:26:33'),
(383, 1, 0, '2023-11-15 01:26:52'),
(384, 1, 1, '2023-11-15 01:26:57'),
(385, 1, 0, '2023-11-15 01:26:59'),
(386, 1, 0, '2023-11-15 01:27:04'),
(387, 1, 0, '2023-11-15 01:27:16'),
(388, 1, 0, '2023-11-15 01:29:11'),
(389, 1, 0, '2023-11-15 01:29:50'),
(390, 1, 0, '2023-11-15 01:29:51'),
(391, 1, 0, '2023-11-15 01:29:53'),
(392, 1, 0, '2023-11-15 01:30:03'),
(393, 1, 0, '2023-11-15 01:32:06'),
(394, 1, 1, '2023-11-15 01:32:13'),
(395, 1, 4, '2023-11-15 01:32:21'),
(396, 1, 0, '2023-11-15 01:32:33'),
(397, 1, 0, '2023-11-15 01:33:04'),
(398, 1, 0, '2023-11-15 01:33:06'),
(399, 1, 0, '2023-11-15 01:33:09'),
(400, 1, 0, '2023-11-15 01:33:10'),
(401, 1, 0, '2023-11-15 01:33:26'),
(402, 1, 0, '2023-11-15 01:33:29'),
(403, 1, 0, '2023-11-15 01:33:31'),
(404, 1, 0, '2023-11-15 01:33:34'),
(405, 1, 0, '2023-11-15 01:33:46'),
(406, 1, 0, '2023-11-15 01:35:18'),
(407, 1, 0, '2023-11-15 01:35:30'),
(408, 1, 3, '2023-11-15 01:35:38'),
(409, 1, 0, '2023-11-15 02:40:42'),
(410, 1, 0, '2023-11-16 20:42:14'),
(411, 1, 2, '2023-11-16 20:42:20'),
(412, 1, 0, '2023-11-16 20:42:22'),
(413, 1, 0, '2023-11-16 20:43:52'),
(414, 1, 0, '2023-11-16 21:43:59'),
(415, 1, 0, '2023-11-16 21:44:36'),
(416, 1, 0, '2023-11-16 21:44:57'),
(417, 1, 0, '2023-11-16 21:45:09'),
(418, 1, 0, '2023-11-16 21:45:13'),
(419, 1, 2, '2023-11-16 21:45:20'),
(420, 1, 0, '2023-11-16 21:45:37'),
(421, 1, 0, '2023-11-20 15:22:19'),
(422, 1, 7, '2023-11-21 02:49:09'),
(423, 1, 6, '2023-11-21 02:50:28'),
(424, 1, 10, '2023-11-21 02:51:31'),
(425, 1, 4, '2023-11-21 02:51:59'),
(426, 1, 11, '2023-11-21 13:29:00'),
(427, 1, 13, '2023-11-21 13:30:18'),
(428, 1, 27, '2023-11-21 13:32:07'),
(429, 1, 10, '2023-11-21 13:33:36'),
(430, 1, 0, '2023-11-21 15:22:58'),
(431, 1, 0, '2023-11-21 15:32:22'),
(432, 1, 0, '2023-11-21 15:32:35'),
(433, 1, 2, '2023-11-21 15:56:40'),
(434, 1, 4, '2023-11-21 18:36:45'),
(435, 1, 0, '2023-11-21 18:36:58'),
(436, 1, 4, '2023-11-21 18:39:20'),
(437, 1, 4, '2023-11-21 18:40:13'),
(438, 1, 5, '2023-11-21 18:40:29'),
(439, 1, 4, '2023-11-21 18:40:50'),
(440, 1, 3, '2023-11-21 18:52:17'),
(441, 1, 3, '2023-11-21 18:52:41'),
(442, 1, 0, '2023-11-21 18:52:44'),
(443, 1, 0, '2023-11-21 18:53:02'),
(444, 1, 0, '2023-11-21 18:53:04'),
(445, 1, 0, '2023-11-21 18:53:07'),
(446, 1, 3, '2023-11-21 18:53:54'),
(447, 1, 3, '2023-11-21 18:54:16'),
(448, 1, 0, '2023-11-21 18:54:19'),
(449, 1, 0, '2023-11-21 18:54:20'),
(450, 1, 0, '2023-11-21 18:54:22'),
(451, 1, 0, '2023-11-21 18:54:24'),
(452, 1, 0, '2023-11-21 18:54:26'),
(453, 1, 0, '2023-11-21 18:54:28'),
(454, 1, 0, '2023-11-21 18:54:38'),
(455, 1, 5, '2023-11-21 19:14:09'),
(456, 1, 0, '2023-11-21 19:14:11'),
(457, 1, 0, '2023-11-21 19:14:13'),
(458, 1, 0, '2023-11-21 19:14:14'),
(459, 1, 0, '2023-11-21 19:14:16'),
(460, 1, 0, '2023-11-21 19:14:17'),
(461, 1, 0, '2023-11-21 19:14:20'),
(462, 1, 0, '2023-11-21 19:14:21'),
(463, 1, 0, '2023-11-21 19:14:23'),
(464, 1, 0, '2023-11-21 19:14:25'),
(465, 1, 0, '2023-11-21 19:14:26'),
(466, 1, 0, '2023-11-21 19:14:27'),
(467, 1, 0, '2023-11-21 19:14:29'),
(468, 1, 0, '2023-11-21 19:14:31'),
(469, 1, 0, '2023-11-21 19:14:32'),
(470, 1, 0, '2023-11-21 19:14:33'),
(471, 1, 0, '2023-11-21 19:14:34'),
(472, 1, 0, '2023-11-21 19:14:36'),
(473, 1, 0, '2023-11-21 19:14:37'),
(474, 1, 0, '2023-11-21 19:14:38'),
(475, 1, 0, '2023-11-21 19:14:40'),
(476, 1, 0, '2023-11-21 19:14:50'),
(477, 1, 0, '2023-11-21 19:15:08'),
(478, 1, 0, '2023-11-21 19:36:08'),
(479, 1, 0, '2023-11-21 19:36:10'),
(480, 1, 0, '2023-11-21 19:36:11'),
(481, 1, 0, '2023-11-21 19:36:13'),
(482, 1, 0, '2023-11-21 19:36:14'),
(483, 1, 0, '2023-11-21 19:36:16'),
(484, 1, 0, '2023-11-21 19:36:18'),
(485, 1, 0, '2023-11-21 19:36:19'),
(486, 1, 0, '2023-11-21 19:36:20'),
(487, 1, 0, '2023-11-21 19:36:22'),
(488, 1, 0, '2023-11-21 19:36:23'),
(489, 1, 0, '2023-11-21 19:36:25'),
(490, 1, 3, '2023-11-21 19:50:59'),
(491, 1, 0, '2023-11-21 19:51:02'),
(492, 1, 10, '2023-11-21 19:51:23'),
(493, 1, 10, '2023-11-21 19:53:53'),
(494, 1, 10, '2023-11-21 19:54:06'),
(495, 1, 1, '2023-11-21 19:54:08'),
(496, 1, 4, '2023-11-21 19:54:14'),
(497, 1, 0, '2023-11-21 19:54:15'),
(498, 1, 10, '2023-11-21 19:55:03'),
(499, 1, 10, '2023-11-21 19:55:15'),
(500, 1, 10, '2023-11-21 19:55:27'),
(501, 1, 10, '2023-11-21 19:56:24'),
(502, 1, 10, '2023-11-21 19:56:43'),
(503, 1, 0, '2023-11-21 20:02:42'),
(504, 1, 0, '2023-11-21 20:56:45'),
(505, 1, 0, '2023-11-21 20:57:07');

-- --------------------------------------------------------

--
-- Estructura de tabla para la tabla `pregunta`
--

CREATE TABLE `pregunta` (
  `id` int(60) NOT NULL,
  `descripcion` varchar(255) NOT NULL,
  `enviada` int(1) NOT NULL DEFAULT 0,
  `id_estado` int(11) NOT NULL,
  `id_categoria_fk` int(11) NOT NULL,
  `veces_bien` int(11) NOT NULL,
  `veces_mal` int(11) NOT NULL,
  `es_facil` tinyint(1) NOT NULL DEFAULT 1
) ENGINE=InnoDB DEFAULT CHARSET=utf8mb4 COLLATE=utf8mb4_general_ci;

--
-- Volcado de datos para la tabla `pregunta`
--

INSERT INTO `pregunta` (`id`, `descripcion`, `enviada`, `id_estado`, `id_categoria_fk`, `veces_bien`, `veces_mal`, `es_facil`) VALUES
(1, '¿Cuál es el océano más grande del mundo?', 0, 2, 1, 15, 5, 1),
(2, '¿Quién escribió \"Don Quijote de la Mancha\"?', 1, 3, 1, 12, 5, 1),
(3, '¿Cuál es el símbolo químico del oro?', 1, 3, 1, 14, 10, 1),
(4, '¿En qué país se encuentra la Torre Eiffel?', 1, 2, 1, 15, 5, 1),
(5, '¿Cuál es el planeta más cercano al Sol?', 0, 2, 1, 14, 4, 1),
(6, '¿En qué año se fundó la Organización de las Naciones Unidas (ONU)?', 1, 2, 1, 15, 3, 1),
(7, '¿Cuál es la capital de Australia?', 0, 2, 1, 12, 7, 1),
(8, '¿Cuál es la capital de Japón?', 0, 2, 1, 12, 4, 1),
(9, '¿Cuál es el símbolo químico del oxígeno?', 1, 2, 1, 14, 6, 1),
(10, '¿Quién pintó la Mona Lisa?', 1, 2, 1, 13, 5, 1),
(44, '¿Qué significa PHP?', 0, 2, 2, 0, 0, 1),
(45, '¿Cuál es el operador utilizado para concatenar cadenas en PHP?', 0, 2, 2, 0, 0, 1),
(46, '¿Cuál es la forma correcta de comentar una línea en PHP?', 0, 2, 2, 0, 0, 1),
(47, '¿Cuál es el resultado de la expresión \"3\" + 2 en PHP?', 0, 2, 2, 0, 0, 1),
(48, '¿Cuál es la función utilizada para obtener la longitud de una cadena en PHP?', 0, 2, 2, 0, 0, 1),
(49, '¿Cuál es el símbolo utilizado para acceder a propiedades de un objeto en PHP?', 0, 2, 2, 0, 0, 1),
(51, '¿Cuál es la función utilizada para obtener la fecha y hora actual en PHP?', 0, 3, 2, 0, 0, 1),
(52, '¿Cuál es la forma correcta de declarar una variable en PHP?', 0, 3, 2, 0, 0, 1),
(53, '¿Cuál es la función utilizada para redirigir a otra página en PHP?', 0, 2, 2, 0, 0, 1),
(54, '¿Qué significa SQL?', 0, 3, 3, 0, 0, 1),
(55, '¿Cuál es el comando utilizado para crear una nueva tabla en MySQL?', 0, 3, 3, 0, 0, 1),
(56, '¿Cuál es el comando utilizado para insertar datos en una tabla en MySQL?', 0, 3, 3, 0, 0, 1),
(57, '¿Cuál es el operador utilizado para combinar múltiples condiciones en una consulta WHERE en MySQL?', 0, 2, 3, 0, 0, 1),
(58, '¿Cuál es la función utilizada para obtener el número de registros en una tabla en MySQL?', 0, 2, 3, 0, 0, 1),
(59, '¿Cuál es el comando utilizado para eliminar una tabla en MySQL?', 0, 3, 3, 0, 0, 1),
(60, '¿Cuál es el comando utilizado para actualizar datos en una tabla en MySQL?', 0, 3, 3, 0, 0, 1),
(61, '¿Cuál es el tipo de dato utilizado para almacenar valores monetarios en MySQL?', 0, 3, 3, 0, 0, 1),
(62, '¿Cuál es el comando utilizado para seleccionar datos de una tabla en MySQL?', 0, 2, 3, 0, 0, 1),
(63, '¿Cuál es la cláusula utilizada para filtrar registros en una consulta SELECT en MySQL?', 0, 2, 3, 0, 0, 1),
(64, '¿Qué es la herencia en POO?', 0, 2, 4, 0, 0, 1),
(65, '¿Cuál palabra clave se utiliza para crear una instancia de una clase en Java?', 0, 2, 4, 0, 0, 1),
(66, '¿Cuál conceptos está asociado con la encapsulación en POO?', 0, 2, 4, 0, 0, 1),
(67, '¿Qué es el polimorfismo en POO?', 0, 2, 4, 0, 0, 1),
(68, '¿Cuál de los siguientes conceptos está asociado con la abstracción en POO?', 0, 2, 4, 0, 0, 1),
(69, '¿Cuál de las siguientes afirmaciones sobre las interfaces en programación orientada a objetos es correcta?', 0, 2, 4, 0, 0, 1),
(70, '¿Qué es la sobrecarga de métodos en una clase de POO?', 0, 2, 4, 0, 0, 1),
(72, '¿Cuál afirmación sobre las clases abstractas en POO es correcta?', 0, 2, 4, 0, 0, 1),
(74, '¿Qué significa CSS?', 0, 2, 5, 0, 0, 1),
(75, '¿Cuál es la forma de aplicar estilos CSS?', 0, 2, 5, 0, 0, 1),
(76, '¿Cuál de los siguientes selectores CSS selecciona un elemento con el id \"myElement\"?', 0, 2, 5, 0, 0, 1),
(77, '¿Cuál de los siguientes selectores CSS selecciona todos los elementos <p> dentro de un <div>?', 0, 2, 5, 0, 0, 1),
(78, '¿Cuál de los siguientes valores representa el color blanco en RGB?', 0, 2, 5, 0, 0, 1),
(79, '¿Cuál propiedad CSS se utiliza para definir el tamaño de fuente?', 0, 2, 5, 0, 0, 1),
(80, '¿Cuál propiedad CSS se utiliza para aplicar un color de fondo a un elemento?', 0, 2, 5, 0, 0, 1),
(81, '¿Cuál propiedad CSS se utiliza para establecer el margen derecho de un elemento?', 0, 2, 5, 0, 0, 1),
(82, '¿Cuál propiedad CSS se utiliza para alinear un elemento al centro horizontalmente?', 0, 2, 5, 0, 0, 1),
(83, '¿Cuál propiedad CSS se utiliza para crear una sombra alrededor de un elemento?', 0, 2, 5, 0, 0, 1);

-- --------------------------------------------------------

--
-- Estructura de tabla para la tabla `respuesta`
--

CREATE TABLE `respuesta` (
  `id` int(255) NOT NULL,
  `id_pregunta` int(255) NOT NULL,
  `A` varchar(255) NOT NULL,
  `B` varchar(255) NOT NULL,
  `opcionCorrecta` varchar(255) NOT NULL
) ENGINE=InnoDB DEFAULT CHARSET=utf8mb4 COLLATE=utf8mb4_general_ci;

--
-- Volcado de datos para la tabla `respuesta`
--

INSERT INTO `respuesta` (`id`, `id_pregunta`, `A`, `B`, `opcionCorrecta`) VALUES
(1, 1, 'Océano Pacífico', 'Océano Atlántico', 'A'),
(2, 2, 'García Marquez', 'Miguel de Cervantes', 'B'),
(3, 3, 'Au', 'Ag', 'A'),
(4, 4, 'Italia', 'Francia', 'B'),
(5, 5, 'Mercurio', 'Venus', 'A'),
(6, 6, '1955', '1945', 'B'),
(7, 7, 'Canberra', 'Sidney', 'A'),
(8, 8, 'Pekin', 'Tokio', 'B'),
(9, 9, 'O', 'Ox', 'A'),
(10, 10, 'Vincent Van Gogh', 'Leonardo Da Vinci', 'B');

-- --------------------------------------------------------

--
-- Estructura de tabla para la tabla `rol`
--

CREATE TABLE `rol` (
  `id` int(11) NOT NULL,
  `descripcion` varchar(30) NOT NULL
) ENGINE=InnoDB DEFAULT CHARSET=utf8mb4 COLLATE=utf8mb4_general_ci;

--
-- Volcado de datos para la tabla `rol`
--

INSERT INTO `rol` (`id`, `descripcion`) VALUES
(0, 'No_validado'),
(1, 'Administrador'),
(2, 'Editor'),
(3, 'Jugador');

-- --------------------------------------------------------

--
-- Estructura de tabla para la tabla `usuario`
--

CREATE TABLE `usuario` (
  `Id` int(11) NOT NULL,
  `nombre_usuario` varchar(100) NOT NULL,
  `contrasenia` varchar(100) NOT NULL,
  `puntaje_max` int(255) NOT NULL,
  `id_rol` int(11) NOT NULL,
  `novato` tinyint(1) NOT NULL DEFAULT 1
) ENGINE=InnoDB DEFAULT CHARSET=utf8mb4 COLLATE=utf8mb4_general_ci;

--
-- Volcado de datos para la tabla `usuario`
--

INSERT INTO `usuario` (`Id`, `nombre_usuario`, `contrasenia`, `puntaje_max`, `id_rol`, `novato`) VALUES
(1, 'Emma', '123', 2, 3, 1),
(2, 'Lucas', '123', 15, 2, 1);

--
-- Índices para tablas volcadas
--

--
-- Indices de la tabla `categoria`
--
ALTER TABLE `categoria`
  ADD PRIMARY KEY (`id_categoria`),
  ADD KEY `fk_categoria_color` (`id_color`);

--
-- Indices de la tabla `color`
--
ALTER TABLE `color`
  ADD PRIMARY KEY (`id_color`);

--
-- Indices de la tabla `estado_pregunta`
--
ALTER TABLE `estado_pregunta`
  ADD PRIMARY KEY (`id`);

--
-- Indices de la tabla `partida`
--
ALTER TABLE `partida`
  ADD PRIMARY KEY (`id`),
  ADD KEY `id_usuario` (`id_usuario`);

--
-- Indices de la tabla `pregunta`
--
ALTER TABLE `pregunta`
  ADD PRIMARY KEY (`id`),
  ADD KEY `id_estado` (`id_estado`),
  ADD KEY `fk_pregunta_categoria` (`id_categoria_fk`);

--
-- Indices de la tabla `respuesta`
--
ALTER TABLE `respuesta`
  ADD PRIMARY KEY (`id`),
  ADD KEY `fk_respuesta_pregunta` (`id_pregunta`);

--
-- Indices de la tabla `rol`
--
ALTER TABLE `rol`
  ADD PRIMARY KEY (`id`);

--
-- Indices de la tabla `usuario`
--
ALTER TABLE `usuario`
  ADD PRIMARY KEY (`Id`),
  ADD KEY `id_rol` (`id_rol`);

--
-- AUTO_INCREMENT de las tablas volcadas
--

--
-- AUTO_INCREMENT de la tabla `partida`
--
ALTER TABLE `partida`
  MODIFY `id` int(11) NOT NULL AUTO_INCREMENT, AUTO_INCREMENT=506;

--
-- AUTO_INCREMENT de la tabla `pregunta`
--
ALTER TABLE `pregunta`
  MODIFY `id` int(60) NOT NULL AUTO_INCREMENT, AUTO_INCREMENT=84;

--
-- AUTO_INCREMENT de la tabla `respuesta`
--
ALTER TABLE `respuesta`
  MODIFY `id` int(255) NOT NULL AUTO_INCREMENT, AUTO_INCREMENT=11;

--
-- AUTO_INCREMENT de la tabla `usuario`
--
ALTER TABLE `usuario`
  MODIFY `Id` int(11) NOT NULL AUTO_INCREMENT, AUTO_INCREMENT=3;

--
-- Restricciones para tablas volcadas
--

--
-- Filtros para la tabla `categoria`
--
ALTER TABLE `categoria`
  ADD CONSTRAINT `fk_categoria_color` FOREIGN KEY (`id_color`) REFERENCES `color` (`id_color`);

--
-- Filtros para la tabla `partida`
--
ALTER TABLE `partida`
  ADD CONSTRAINT `fk_usuario_partida` FOREIGN KEY (`id_usuario`) REFERENCES `usuario` (`Id`);

--
-- Filtros para la tabla `pregunta`
--
ALTER TABLE `pregunta`
  ADD CONSTRAINT `fk_pregunta_categoria` FOREIGN KEY (`id_categoria_fk`) REFERENCES `categoria` (`id_categoria`);

--
-- Filtros para la tabla `respuesta`
--
ALTER TABLE `respuesta`
  ADD CONSTRAINT `fk_respuesta_pregunta` FOREIGN KEY (`id_pregunta`) REFERENCES `pregunta` (`id`);
COMMIT;

/*!40101 SET CHARACTER_SET_CLIENT=@OLD_CHARACTER_SET_CLIENT */;
/*!40101 SET CHARACTER_SET_RESULTS=@OLD_CHARACTER_SET_RESULTS */;
/*!40101 SET COLLATION_CONNECTION=@OLD_COLLATION_CONNECTION */;
