-- phpMyAdmin SQL Dump
-- version 5.2.1
-- https://www.phpmyadmin.net/
--
-- Host: 127.0.0.1
-- Generation Time: Nov 24, 2023 at 05:42 PM
-- Server version: 10.4.28-MariaDB
-- PHP Version: 8.2.4

SET SQL_MODE = "NO_AUTO_VALUE_ON_ZERO";
START TRANSACTION;
SET time_zone = "+00:00";


/*!40101 SET @OLD_CHARACTER_SET_CLIENT=@@CHARACTER_SET_CLIENT */;
/*!40101 SET @OLD_CHARACTER_SET_RESULTS=@@CHARACTER_SET_RESULTS */;
/*!40101 SET @OLD_COLLATION_CONNECTION=@@COLLATION_CONNECTION */;
/*!40101 SET NAMES utf8mb4 */;

--
-- Database: `mentest`
--

-- --------------------------------------------------------

--
-- Table structure for table `categoria`
--

CREATE TABLE `categoria` (
  `id_categoria` int(11) NOT NULL,
  `descripcion` varchar(255) NOT NULL,
  `id_color` int(11) NOT NULL
) ENGINE=InnoDB DEFAULT CHARSET=utf8mb4 COLLATE=utf8mb4_general_ci;

--
-- Dumping data for table `categoria`
--

INSERT INTO `categoria` (`id_categoria`, `descripcion`, `id_color`) VALUES
(1, 'Conocimiento general', 1),
(2, 'Programacion PHP', 2),
(3, 'Base de datos', 3),
(4, 'Programación Orientada a Objetos', 4),
(5, 'Estilos en CSS', 5);

-- --------------------------------------------------------

--
-- Table structure for table `color`
--

CREATE TABLE `color` (
  `id_color` int(11) NOT NULL,
  `color` varchar(255) NOT NULL
) ENGINE=InnoDB DEFAULT CHARSET=utf8mb4 COLLATE=utf8mb4_general_ci;

--
-- Dumping data for table `color`
--

INSERT INTO `color` (`id_color`, `color`) VALUES
(1, '#E0707'),
(2, '#0F9668'),
(3, '#DFAE15'),
(4, '#3410F1'),
(5, '#D43CA0');

-- --------------------------------------------------------

--
-- Table structure for table `estado_pregunta`
--

CREATE TABLE `estado_pregunta` (
  `id` int(11) NOT NULL,
  `descripcion` varchar(255) NOT NULL
) ENGINE=InnoDB DEFAULT CHARSET=utf8mb4 COLLATE=utf8mb4_general_ci;

--
-- Dumping data for table `estado_pregunta`
--

INSERT INTO `estado_pregunta` (`id`, `descripcion`) VALUES
(1, 'SUGERIDA'),
(2, 'APROBADA'),
(3, 'REPORTADA');

-- --------------------------------------------------------

--
-- Table structure for table `partida`
--

CREATE TABLE `partida` (
  `id` int(11) NOT NULL,
  `id_usuario` int(11) NOT NULL,
  `puntaje` int(11) NOT NULL,
  `fecha` timestamp NOT NULL DEFAULT current_timestamp()
) ENGINE=InnoDB DEFAULT CHARSET=utf8mb4 COLLATE=utf8mb4_general_ci;

--
-- Dumping data for table `partida`
--

INSERT INTO `partida` (`id`, `id_usuario`, `puntaje`, `fecha`) VALUES
(36, 1, 5, '2023-10-31 00:22:13'),
(37, 1, 3, '2023-10-31 00:43:14'),
(38, 1, 3, '2023-10-31 00:43:24'),
(39, 1, 3, '2023-10-31 00:44:38'),
(40, 1, 3, '2023-10-31 00:56:18'),
(41, 1, 15, '2023-10-31 01:04:24'),
(42, 1, 2, '2023-11-01 00:56:47'),
(43, 1, 2, '2023-11-07 22:00:32'),
(44, 1, 0, '2023-11-07 22:00:35'),
(45, 1, 6, '2023-11-07 23:18:14'),
(46, 1, 0, '2023-11-07 23:18:34'),
(47, 1, 1, '2023-11-07 23:19:01'),
(48, 1, 1, '2023-11-07 23:23:31'),
(49, 1, 1, '2023-11-07 23:23:40'),
(50, 1, 1, '2023-11-07 23:23:45'),
(51, 1, 1, '2023-11-07 23:26:59'),
(52, 1, 0, '2023-11-07 23:27:21'),
(53, 1, 0, '2023-11-07 23:27:24'),
(54, 1, 1, '2023-11-07 23:27:29'),
(55, 1, 1, '2023-11-07 23:27:47'),
(56, 1, 1, '2023-11-07 23:27:55'),
(57, 1, 6, '2023-11-07 23:31:49'),
(58, 1, 1, '2023-11-07 23:32:10'),
(59, 1, 0, '2023-11-07 23:32:22'),
(60, 1, 8, '2023-11-07 23:32:52'),
(61, 1, 2, '2023-11-07 23:33:03'),
(62, 1, 0, '2023-11-07 23:33:04'),
(63, 1, 29, '2023-11-07 23:36:15'),
(64, 1, 0, '2023-11-07 23:36:18'),
(65, 1, 0, '2023-11-07 23:36:19'),
(66, 1, 0, '2023-11-07 23:36:22'),
(67, 1, 2, '2023-11-07 23:36:33'),
(68, 1, 0, '2023-11-07 23:36:37'),
(69, 1, 0, '2023-11-07 23:36:39'),
(70, 1, 0, '2023-11-07 23:36:43'),
(71, 1, 2, '2023-11-07 23:36:48'),
(72, 1, 8, '2023-11-07 23:37:01'),
(73, 1, 1, '2023-11-07 23:40:28'),
(74, 1, 1, '2023-11-07 23:41:56'),
(75, 1, 4, '2023-11-07 23:42:13'),
(76, 1, 1, '2023-11-07 23:42:21'),
(77, 1, 2, '2023-11-07 23:42:42'),
(78, 1, 5, '2023-11-07 23:43:21'),
(79, 1, 2, '2023-11-07 23:43:28'),
(80, 1, 1, '2023-11-07 23:43:43'),
(81, 1, 1, '2023-11-07 23:51:02'),
(82, 1, 1, '2023-11-07 23:52:24'),
(83, 1, 3, '2023-11-08 00:00:21'),
(84, 1, 6, '2023-11-08 00:00:48'),
(85, 1, 4, '2023-11-08 00:01:20'),
(86, 1, 3, '2023-11-08 00:01:27'),
(87, 1, 0, '2023-11-08 00:03:54'),
(88, 1, 2, '2023-11-08 00:04:02'),
(89, 1, 2, '2023-11-08 00:05:06'),
(90, 1, 1, '2023-11-08 00:08:09'),
(91, 1, 1, '2023-11-08 00:08:13'),
(92, 1, 1, '2023-11-08 00:08:16'),
(93, 1, 1, '2023-11-08 00:12:45'),
(94, 1, 2, '2023-11-08 00:18:20'),
(95, 1, 4, '2023-11-08 00:28:11'),
(96, 1, 0, '2023-11-08 00:28:13'),
(97, 1, 0, '2023-11-08 00:28:15'),
(98, 1, 0, '2023-11-08 00:28:17'),
(99, 1, 0, '2023-11-08 00:28:18'),
(100, 1, 0, '2023-11-08 00:28:20'),
(101, 1, 2, '2023-11-08 00:37:53'),
(102, 1, 1, '2023-11-08 00:37:56'),
(103, 1, 6, '2023-11-08 00:46:24'),
(104, 1, 2, '2023-11-08 00:47:40'),
(105, 1, 1, '2023-11-08 00:48:00'),
(106, 1, 1, '2023-11-08 00:48:12'),
(107, 1, 1, '2023-11-08 00:48:16'),
(108, 1, 0, '2023-11-08 00:48:18'),
(109, 1, 2, '2023-11-08 00:48:42'),
(110, 1, 1, '2023-11-08 00:52:20'),
(111, 1, 1, '2023-11-08 00:52:21'),
(112, 1, 2, '2023-11-08 00:53:12'),
(113, 1, 1, '2023-11-08 00:53:13'),
(114, 1, 2, '2023-11-08 00:53:18'),
(115, 1, 2, '2023-11-08 00:53:22'),
(116, 1, 2, '2023-11-08 00:53:25'),
(117, 1, 2, '2023-11-09 22:08:56'),
(118, 1, 1, '2023-11-09 22:08:58'),
(119, 1, 2, '2023-11-09 22:09:03'),
(120, 1, 2, '2023-11-09 22:09:06'),
(121, 1, 1, '2023-11-09 22:09:07'),
(122, 1, 1, '2023-11-09 22:09:11'),
(123, 1, 2, '2023-11-09 22:09:14'),
(124, 1, 2, '2023-11-09 22:09:18'),
(125, 1, 1, '2023-11-09 22:09:23'),
(126, 1, 1, '2023-11-09 22:49:09'),
(127, 1, 1, '2023-11-09 22:49:13'),
(128, 1, 1, '2023-11-09 22:49:16'),
(129, 1, 0, '2023-11-09 22:49:18'),
(130, 1, 1, '2023-11-09 22:49:21'),
(131, 1, 1, '2023-11-09 22:49:24'),
(132, 1, 12, '2023-11-09 22:59:58'),
(133, 1, 0, '2023-11-09 23:00:03'),
(134, 1, 0, '2023-11-09 23:00:05'),
(135, 1, 0, '2023-11-09 23:00:07'),
(136, 1, 0, '2023-11-09 23:00:09'),
(137, 1, 0, '2023-11-09 23:00:10'),
(138, 1, 0, '2023-11-09 23:00:12'),
(139, 1, 5, '2023-11-09 23:00:20'),
(140, 1, 2, '2023-11-09 23:00:23'),
(141, 1, 1, '2023-11-10 03:15:10'),
(142, 1, 30, '2023-11-10 03:19:48'),
(143, 1, 1, '2023-11-10 03:19:56'),
(144, 1, 1, '2023-11-10 03:23:23'),
(145, 1, 0, '2023-11-10 21:26:32'),
(146, 1, 9, '2023-11-10 21:26:48'),
(147, 1, 0, '2023-11-10 21:28:44'),
(148, 1, 2, '2023-11-10 21:30:01'),
(149, 1, 1, '2023-11-10 21:35:07'),
(150, 1, 12, '2023-11-10 21:39:27'),
(151, 1, 14, '2023-11-11 01:03:01'),
(152, 1, 5, '2023-11-13 22:42:16'),
(153, 1, 0, '2023-11-13 22:46:54'),
(154, 1, 0, '2023-11-13 22:59:37'),
(155, 1, 0, '2023-11-13 23:00:31'),
(156, 1, 0, '2023-11-13 23:16:55'),
(157, 1, 0, '2023-11-13 23:17:15'),
(158, 1, 0, '2023-11-13 23:17:45'),
(159, 1, 0, '2023-11-13 23:18:12'),
(160, 1, 0, '2023-11-13 23:18:33'),
(161, 1, 0, '2023-11-13 23:18:51'),
(162, 1, 0, '2023-11-13 23:27:38'),
(163, 1, 0, '2023-11-13 23:28:36'),
(164, 1, 0, '2023-11-13 23:30:57'),
(165, 1, 0, '2023-11-13 23:34:03'),
(166, 1, 0, '2023-11-13 23:36:29'),
(167, 1, 0, '2023-11-13 23:39:03'),
(168, 1, 0, '2023-11-14 00:25:14'),
(169, 1, 0, '2023-11-14 00:25:45'),
(170, 1, 0, '2023-11-14 00:27:35'),
(171, 1, 0, '2023-11-14 00:27:38'),
(172, 1, 0, '2023-11-14 00:27:42'),
(173, 1, 0, '2023-11-14 00:27:56'),
(174, 1, 0, '2023-11-14 00:27:59'),
(175, 1, 0, '2023-11-14 00:28:11'),
(176, 1, 0, '2023-11-14 00:28:29'),
(177, 1, 0, '2023-11-14 00:28:31'),
(178, 1, 0, '2023-11-14 00:28:41'),
(179, 1, 0, '2023-11-14 00:29:47'),
(180, 1, 0, '2023-11-14 00:29:49'),
(181, 1, 0, '2023-11-14 00:29:55'),
(182, 1, 0, '2023-11-14 00:30:29'),
(183, 1, 0, '2023-11-14 00:30:32'),
(184, 1, 0, '2023-11-14 00:30:45'),
(185, 1, 0, '2023-11-14 00:31:03'),
(186, 1, 0, '2023-11-14 00:32:11'),
(187, 1, 0, '2023-11-14 02:01:50'),
(188, 1, 0, '2023-11-14 22:53:46'),
(189, 1, 0, '2023-11-14 22:53:49'),
(190, 1, 0, '2023-11-14 22:53:51'),
(191, 1, 0, '2023-11-14 22:53:52'),
(192, 1, 0, '2023-11-14 22:54:04'),
(193, 1, 0, '2023-11-14 22:56:29'),
(194, 1, 0, '2023-11-14 22:56:33'),
(195, 1, 0, '2023-11-14 22:58:07'),
(196, 1, 0, '2023-11-14 22:59:29'),
(197, 1, 0, '2023-11-14 22:59:32'),
(198, 1, 0, '2023-11-14 23:05:03'),
(199, 1, 0, '2023-11-14 23:05:05'),
(200, 1, 0, '2023-11-14 23:13:40'),
(201, 1, 0, '2023-11-14 23:13:42'),
(202, 1, 0, '2023-11-14 23:13:44'),
(203, 1, 0, '2023-11-14 23:13:48'),
(204, 1, 0, '2023-11-14 23:14:52'),
(205, 1, 0, '2023-11-14 23:14:55'),
(206, 1, 0, '2023-11-14 23:16:25'),
(207, 1, 0, '2023-11-14 23:16:34'),
(208, 1, 0, '2023-11-14 23:16:36'),
(209, 1, 0, '2023-11-14 23:16:42'),
(210, 1, 0, '2023-11-14 23:17:10'),
(211, 1, 0, '2023-11-14 23:17:12'),
(212, 1, 0, '2023-11-14 23:17:13'),
(213, 1, 0, '2023-11-14 23:17:25'),
(214, 1, 0, '2023-11-14 23:17:37'),
(215, 1, 0, '2023-11-14 23:17:38'),
(216, 1, 0, '2023-11-14 23:18:24'),
(217, 1, 0, '2023-11-14 23:18:36'),
(218, 1, 0, '2023-11-14 23:19:16'),
(219, 1, 0, '2023-11-14 23:19:17'),
(220, 1, 0, '2023-11-14 23:19:19'),
(221, 1, 0, '2023-11-14 23:25:21'),
(222, 1, 0, '2023-11-14 23:25:22'),
(223, 1, 0, '2023-11-14 23:25:31'),
(224, 1, 0, '2023-11-14 23:25:44'),
(225, 1, 0, '2023-11-14 23:30:25'),
(226, 1, 0, '2023-11-14 23:30:27'),
(227, 1, 0, '2023-11-14 23:30:40'),
(228, 1, 0, '2023-11-14 23:30:42'),
(229, 1, 0, '2023-11-14 23:33:39'),
(230, 1, 0, '2023-11-14 23:33:51'),
(231, 1, 0, '2023-11-14 23:37:06'),
(232, 1, 0, '2023-11-14 23:37:08'),
(233, 1, 0, '2023-11-14 23:37:22'),
(234, 1, 0, '2023-11-14 23:37:24'),
(235, 1, 0, '2023-11-14 23:37:26'),
(236, 1, 0, '2023-11-14 23:37:28'),
(237, 1, 0, '2023-11-14 23:37:39'),
(238, 1, 0, '2023-11-14 23:38:47'),
(239, 1, 0, '2023-11-14 23:39:02'),
(240, 1, 3, '2023-11-14 23:44:13'),
(241, 1, 0, '2023-11-14 23:50:26'),
(242, 1, 3, '2023-11-15 00:05:18'),
(243, 1, 0, '2023-11-15 00:05:49'),
(244, 1, 0, '2023-11-15 00:06:02'),
(245, 1, 4, '2023-11-15 00:08:19'),
(246, 1, 2, '2023-11-15 00:11:17'),
(247, 1, 4, '2023-11-15 00:11:28'),
(248, 1, 6, '2023-11-15 00:11:44'),
(249, 1, 3, '2023-11-15 00:14:29'),
(250, 1, 4, '2023-11-15 00:14:40'),
(251, 1, 0, '2023-11-15 00:21:57'),
(252, 1, 0, '2023-11-15 00:23:02'),
(253, 1, 0, '2023-11-15 00:24:29'),
(254, 1, 0, '2023-11-15 00:24:52'),
(255, 1, 0, '2023-11-15 00:25:33'),
(256, 1, 0, '2023-11-15 00:25:51'),
(257, 1, 0, '2023-11-15 00:27:19'),
(258, 1, 0, '2023-11-15 00:28:52'),
(259, 1, 0, '2023-11-15 00:29:06'),
(260, 1, 2, '2023-11-15 00:29:31'),
(261, 1, 0, '2023-11-15 00:29:45'),
(262, 1, 2, '2023-11-15 00:29:52'),
(263, 1, 0, '2023-11-15 00:30:08'),
(264, 1, 1, '2023-11-15 00:32:08'),
(265, 1, 1, '2023-11-15 00:32:23'),
(266, 1, 0, '2023-11-15 00:35:54'),
(267, 1, 0, '2023-11-15 00:35:55'),
(268, 1, 0, '2023-11-15 00:36:29'),
(269, 1, 2, '2023-11-15 00:38:23'),
(270, 1, 1, '2023-11-15 00:38:31'),
(271, 1, 0, '2023-11-15 00:41:41'),
(272, 1, 1, '2023-11-15 00:43:59'),
(273, 1, 1, '2023-11-15 00:44:15'),
(274, 1, 0, '2023-11-15 00:45:08'),
(275, 1, 0, '2023-11-15 00:45:09'),
(276, 1, 0, '2023-11-15 00:45:10'),
(277, 1, 0, '2023-11-15 00:45:10'),
(278, 1, 0, '2023-11-15 00:45:10'),
(279, 1, 0, '2023-11-15 00:45:10'),
(280, 1, 0, '2023-11-15 00:45:11'),
(281, 1, 0, '2023-11-15 00:47:28'),
(282, 1, 2, '2023-11-15 00:47:41'),
(283, 1, 2, '2023-11-15 00:47:48'),
(284, 1, 3, '2023-11-15 00:47:54'),
(285, 1, 0, '2023-11-15 00:48:06'),
(286, 1, 0, '2023-11-15 00:49:31'),
(287, 1, 0, '2023-11-15 00:49:32'),
(288, 1, 0, '2023-11-15 00:49:43'),
(289, 1, 0, '2023-11-15 00:49:43'),
(290, 1, 0, '2023-11-15 00:49:43'),
(291, 1, 0, '2023-11-15 00:49:44'),
(292, 1, 2, '2023-11-15 00:49:55'),
(293, 1, 2, '2023-11-15 00:50:00'),
(294, 1, 0, '2023-11-15 00:50:16'),
(295, 1, 0, '2023-11-15 00:55:57'),
(296, 1, 0, '2023-11-15 00:56:09'),
(297, 1, 0, '2023-11-15 00:56:10'),
(298, 1, 0, '2023-11-15 00:56:10'),
(299, 1, 0, '2023-11-15 00:56:11'),
(300, 1, 0, '2023-11-15 00:56:11'),
(301, 1, 0, '2023-11-15 00:56:13'),
(302, 1, 0, '2023-11-15 00:56:13'),
(303, 1, 0, '2023-11-15 00:56:57'),
(304, 1, 1, '2023-11-15 01:00:43'),
(305, 1, 1, '2023-11-15 01:02:16'),
(306, 1, 0, '2023-11-15 01:03:08'),
(307, 1, 1, '2023-11-15 01:07:34'),
(308, 1, 0, '2023-11-15 01:07:46'),
(309, 1, 1, '2023-11-15 01:09:22'),
(310, 1, 0, '2023-11-15 01:09:26'),
(311, 1, 0, '2023-11-15 01:09:38'),
(312, 1, 1, '2023-11-15 01:10:15'),
(313, 1, 1, '2023-11-15 01:10:35'),
(314, 1, 0, '2023-11-15 01:10:48'),
(315, 1, 1, '2023-11-15 01:12:27'),
(316, 1, 0, '2023-11-15 01:12:40'),
(317, 1, 0, '2023-11-15 01:13:05'),
(318, 1, 0, '2023-11-15 01:13:08'),
(319, 1, 0, '2023-11-15 01:13:09'),
(320, 1, 0, '2023-11-15 01:13:10'),
(321, 1, 0, '2023-11-15 01:13:10'),
(322, 1, 0, '2023-11-15 01:13:11'),
(323, 1, 0, '2023-11-15 01:13:11'),
(324, 1, 0, '2023-11-15 01:13:11'),
(325, 1, 0, '2023-11-15 01:13:11'),
(326, 1, 0, '2023-11-15 01:13:11'),
(327, 1, 0, '2023-11-15 01:13:22'),
(328, 1, 0, '2023-11-15 01:13:24'),
(329, 1, 0, '2023-11-15 01:13:25'),
(330, 1, 0, '2023-11-15 01:13:26'),
(331, 1, 0, '2023-11-15 01:13:27'),
(332, 1, 0, '2023-11-15 01:13:27'),
(333, 1, 0, '2023-11-15 01:13:28'),
(334, 1, 0, '2023-11-15 01:13:29'),
(335, 1, 0, '2023-11-15 01:13:29'),
(336, 1, 0, '2023-11-15 01:13:30'),
(337, 1, 0, '2023-11-15 01:13:30'),
(338, 1, 0, '2023-11-15 01:13:31'),
(339, 1, 0, '2023-11-15 01:13:31'),
(340, 1, 0, '2023-11-15 01:13:31'),
(341, 1, 0, '2023-11-15 01:13:32'),
(342, 1, 0, '2023-11-15 01:13:32'),
(343, 1, 0, '2023-11-15 01:13:32'),
(344, 1, 0, '2023-11-15 01:13:33'),
(345, 1, 0, '2023-11-15 01:13:33'),
(346, 1, 0, '2023-11-15 01:13:33'),
(347, 1, 0, '2023-11-15 01:13:33'),
(348, 1, 0, '2023-11-15 01:13:34'),
(349, 1, 0, '2023-11-15 01:13:34'),
(350, 1, 0, '2023-11-15 01:13:35'),
(351, 1, 0, '2023-11-15 01:13:35'),
(352, 1, 0, '2023-11-15 01:13:35'),
(353, 1, 0, '2023-11-15 01:13:35'),
(354, 1, 0, '2023-11-15 01:13:36'),
(355, 1, 0, '2023-11-15 01:13:36'),
(356, 1, 0, '2023-11-15 01:13:36'),
(357, 1, 0, '2023-11-15 01:13:36'),
(358, 1, 0, '2023-11-15 01:13:37'),
(359, 1, 0, '2023-11-15 01:13:37'),
(360, 1, 0, '2023-11-15 01:13:37'),
(361, 1, 0, '2023-11-15 01:13:37'),
(362, 1, 0, '2023-11-15 01:13:37'),
(363, 1, 0, '2023-11-15 01:13:38'),
(364, 1, 0, '2023-11-15 01:13:42'),
(365, 1, 0, '2023-11-15 01:13:42'),
(366, 1, 0, '2023-11-15 01:13:42'),
(367, 1, 0, '2023-11-15 01:13:42'),
(368, 1, 0, '2023-11-15 01:13:43'),
(369, 1, 0, '2023-11-15 01:13:43'),
(370, 1, 0, '2023-11-15 01:13:43'),
(371, 1, 0, '2023-11-15 01:13:44'),
(372, 1, 1, '2023-11-15 01:16:47'),
(373, 1, 0, '2023-11-15 01:17:16'),
(374, 1, 2, '2023-11-15 01:17:25'),
(375, 1, 0, '2023-11-15 01:17:58'),
(376, 1, 1, '2023-11-15 01:18:06'),
(377, 1, 0, '2023-11-15 01:23:34'),
(378, 1, 2, '2023-11-15 01:23:44'),
(379, 1, 0, '2023-11-15 01:23:47'),
(380, 1, 0, '2023-11-15 01:23:52'),
(381, 1, 0, '2023-11-15 01:24:13'),
(382, 1, 0, '2023-11-15 01:26:33'),
(383, 1, 0, '2023-11-15 01:26:52'),
(384, 1, 1, '2023-11-15 01:26:57'),
(385, 1, 0, '2023-11-15 01:26:59'),
(386, 1, 0, '2023-11-15 01:27:04'),
(387, 1, 0, '2023-11-15 01:27:16'),
(388, 1, 0, '2023-11-15 01:29:11'),
(389, 1, 0, '2023-11-15 01:29:50'),
(390, 1, 0, '2023-11-15 01:29:51'),
(391, 1, 0, '2023-11-15 01:29:53'),
(392, 1, 0, '2023-11-15 01:30:03'),
(393, 1, 0, '2023-11-15 01:32:06'),
(394, 1, 1, '2023-11-15 01:32:13'),
(395, 1, 4, '2023-11-15 01:32:21'),
(396, 1, 0, '2023-11-15 01:32:33'),
(397, 1, 0, '2023-11-15 01:33:04'),
(398, 1, 0, '2023-11-15 01:33:06'),
(399, 1, 0, '2023-11-15 01:33:09'),
(400, 1, 0, '2023-11-15 01:33:10'),
(401, 1, 0, '2023-11-15 01:33:26'),
(402, 1, 0, '2023-11-15 01:33:29'),
(403, 1, 0, '2023-11-15 01:33:31'),
(404, 1, 0, '2023-11-15 01:33:34'),
(405, 1, 0, '2023-11-15 01:33:46'),
(406, 1, 0, '2023-11-15 01:35:18'),
(407, 1, 0, '2023-11-15 01:35:30'),
(408, 1, 3, '2023-11-15 01:35:38'),
(409, 1, 0, '2023-11-15 02:40:42'),
(410, 1, 0, '2023-11-16 20:42:14'),
(411, 1, 2, '2023-11-16 20:42:20'),
(412, 1, 0, '2023-11-16 20:42:22'),
(413, 1, 0, '2023-11-16 20:43:52'),
(414, 1, 0, '2023-11-16 21:43:59'),
(415, 1, 0, '2023-11-16 21:44:36'),
(416, 1, 0, '2023-11-16 21:44:57'),
(417, 1, 0, '2023-11-16 21:45:09'),
(418, 1, 0, '2023-11-16 21:45:13'),
(419, 1, 2, '2023-11-16 21:45:20'),
(420, 1, 0, '2023-11-16 21:45:37'),
(421, 1, 0, '2023-11-20 15:22:19'),
(422, 1, 7, '2023-11-21 02:49:09'),
(423, 1, 6, '2023-11-21 02:50:28'),
(424, 1, 10, '2023-11-21 02:51:31'),
(425, 1, 4, '2023-11-21 02:51:59'),
(426, 1, 11, '2023-11-21 13:29:00'),
(427, 1, 13, '2023-11-21 13:30:18'),
(428, 1, 27, '2023-11-21 13:32:07'),
(429, 1, 10, '2023-11-21 13:33:36'),
(430, 1, 0, '2023-11-21 15:22:58'),
(431, 1, 0, '2023-11-21 15:32:22'),
(432, 1, 0, '2023-11-21 15:32:35'),
(433, 1, 2, '2023-11-21 15:56:40'),
(434, 1, 4, '2023-11-21 18:36:45'),
(435, 1, 0, '2023-11-21 18:36:58'),
(436, 1, 4, '2023-11-21 18:39:20'),
(437, 1, 4, '2023-11-21 18:40:13'),
(438, 1, 5, '2023-11-21 18:40:29'),
(439, 1, 4, '2023-11-21 18:40:50'),
(440, 1, 3, '2023-11-21 18:52:17'),
(441, 1, 3, '2023-11-21 18:52:41'),
(442, 1, 0, '2023-11-21 18:52:44'),
(443, 1, 0, '2023-11-21 18:53:02'),
(444, 1, 0, '2023-11-21 18:53:04'),
(445, 1, 0, '2023-11-21 18:53:07'),
(446, 1, 3, '2023-11-21 18:53:54'),
(447, 1, 3, '2023-11-21 18:54:16'),
(448, 1, 0, '2023-11-21 18:54:19'),
(449, 1, 0, '2023-11-21 18:54:20'),
(450, 1, 0, '2023-11-21 18:54:22'),
(451, 1, 0, '2023-11-21 18:54:24'),
(452, 1, 0, '2023-11-21 18:54:26'),
(453, 1, 0, '2023-11-21 18:54:28'),
(454, 1, 0, '2023-11-21 18:54:38'),
(455, 1, 5, '2023-11-21 19:14:09'),
(456, 1, 0, '2023-11-21 19:14:11'),
(457, 1, 0, '2023-11-21 19:14:13'),
(458, 1, 0, '2023-11-21 19:14:14'),
(459, 1, 0, '2023-11-21 19:14:16'),
(460, 1, 0, '2023-11-21 19:14:17'),
(461, 1, 0, '2023-11-21 19:14:20'),
(462, 1, 0, '2023-11-21 19:14:21'),
(463, 1, 0, '2023-11-21 19:14:23'),
(464, 1, 0, '2023-11-21 19:14:25'),
(465, 1, 0, '2023-11-21 19:14:26'),
(466, 1, 0, '2023-11-21 19:14:27'),
(467, 1, 0, '2023-11-21 19:14:29'),
(468, 1, 0, '2023-11-21 19:14:31'),
(469, 1, 0, '2023-11-21 19:14:32'),
(470, 1, 0, '2023-11-21 19:14:33'),
(471, 1, 0, '2023-11-21 19:14:34'),
(472, 1, 0, '2023-11-21 19:14:36'),
(473, 1, 0, '2023-11-21 19:14:37'),
(474, 1, 0, '2023-11-21 19:14:38'),
(475, 1, 0, '2023-11-21 19:14:40'),
(476, 1, 0, '2023-11-21 19:14:50'),
(477, 1, 0, '2023-11-21 19:15:08'),
(478, 1, 0, '2023-11-21 19:36:08'),
(479, 1, 0, '2023-11-21 19:36:10'),
(480, 1, 0, '2023-11-21 19:36:11'),
(481, 1, 0, '2023-11-21 19:36:13'),
(482, 1, 0, '2023-11-21 19:36:14'),
(483, 1, 0, '2023-11-21 19:36:16'),
(484, 1, 0, '2023-11-21 19:36:18'),
(485, 1, 0, '2023-11-21 19:36:19'),
(486, 1, 0, '2023-11-21 19:36:20'),
(487, 1, 0, '2023-11-21 19:36:22'),
(488, 1, 0, '2023-11-21 19:36:23'),
(489, 1, 0, '2023-11-21 19:36:25'),
(490, 1, 3, '2023-11-21 19:50:59'),
(491, 1, 0, '2023-11-21 19:51:02'),
(492, 1, 10, '2023-11-21 19:51:23'),
(493, 1, 10, '2023-11-21 19:53:53'),
(494, 1, 10, '2023-11-21 19:54:06'),
(495, 1, 1, '2023-11-21 19:54:08'),
(496, 1, 4, '2023-11-21 19:54:14'),
(497, 1, 0, '2023-11-21 19:54:15'),
(498, 1, 10, '2023-11-21 19:55:03'),
(499, 1, 10, '2023-11-21 19:55:15'),
(500, 1, 10, '2023-11-21 19:55:27'),
(501, 1, 10, '2023-11-21 19:56:24'),
(502, 1, 10, '2023-11-21 19:56:43'),
(503, 1, 0, '2023-11-21 20:02:42'),
(504, 1, 0, '2023-11-22 01:14:01'),
(505, 1, 0, '2023-11-22 01:14:13'),
(506, 1, 0, '2023-11-22 01:14:46'),
(507, 1, 3, '2023-11-22 01:14:56'),
(508, 1, 2, '2023-11-22 01:15:10'),
(509, 1, 0, '2023-11-22 01:57:28'),
(510, 1, 0, '2023-11-22 01:57:34'),
(511, 1, 0, '2023-11-22 01:57:38'),
(512, 1, 0, '2023-11-22 01:58:09'),
(513, 1, 0, '2023-11-22 01:58:12'),
(514, 1, 0, '2023-11-22 01:58:14'),
(515, 1, 0, '2023-11-22 01:58:16'),
(516, 1, 0, '2023-11-22 01:59:38'),
(517, 1, 12, '2023-11-22 02:02:13'),
(518, 1, 0, '2023-11-22 02:02:16'),
(519, 1, 0, '2023-11-22 02:02:18'),
(520, 1, 0, '2023-11-22 02:02:19'),
(521, 1, 0, '2023-11-22 02:10:09'),
(522, 1, 0, '2023-11-22 02:10:14'),
(523, 1, 8, '2023-11-22 02:11:54'),
(524, 1, 8, '2023-11-22 02:12:39'),
(525, 1, 8, '2023-11-22 02:13:14'),
(538, 1, 0, '2023-11-22 02:29:33'),
(539, 1, 5, '2023-11-22 02:29:42'),
(540, 1, 10, '2023-11-22 02:30:06'),
(541, 1, 0, '2023-11-22 02:30:22'),
(542, 1, 5, '2023-11-22 02:30:47'),
(543, 1, 0, '2023-11-22 02:30:54'),
(544, 1, 7, '2023-11-22 02:31:27'),
(545, 1, 5, '2023-11-22 02:31:49'),
(546, 1, 2, '2023-11-22 02:33:42'),
(547, 1, 2, '2023-11-22 02:34:43'),
(548, 1, 11, '2023-11-22 02:42:26'),
(549, 1, 9, '2023-11-22 02:44:48'),
(550, 1, 1, '2023-11-22 02:45:04'),
(551, 1, 10, '2023-11-22 02:48:31'),
(552, 1, 10, '2023-11-22 02:55:12'),
(553, 1, 10, '2023-11-22 02:55:35'),
(554, 1, 10, '2023-11-22 02:56:07'),
(555, 1, 0, '2023-11-22 02:57:39'),
(556, 1, 4, '2023-11-22 02:58:16'),
(557, 1, 0, '2023-11-22 03:03:00'),
(558, 1, 0, '2023-11-22 03:03:00'),
(559, 1, 0, '2023-11-22 03:03:10'),
(560, 1, 0, '2023-11-22 03:03:12'),
(561, 1, 0, '2023-11-22 03:03:24'),
(562, 1, 0, '2023-11-22 03:03:38'),
(563, 1, 0, '2023-11-22 03:04:15'),
(564, 1, 12, '2023-11-22 03:06:47'),
(565, 1, 10, '2023-11-22 03:07:25'),
(566, 1, 0, '2023-11-22 03:10:45'),
(567, 1, 1, '2023-11-22 03:10:55'),
(568, 1, 11, '2023-11-22 03:12:18'),
(569, 1, 10, '2023-11-22 03:16:25'),
(570, 1, 8, '2023-11-22 03:17:51'),
(571, 1, 2, '2023-11-22 03:18:02'),
(572, 1, 3, '2023-11-22 12:35:10'),
(573, 1, 0, '2023-11-22 14:10:33'),
(574, 1, 6, '2023-11-22 14:11:52'),
(575, 1, 5, '2023-11-22 14:12:15'),
(576, 1, 5, '2023-11-22 14:16:21'),
(577, 3, 5, '2023-11-22 14:23:38'),
(578, 3, 5, '2023-11-22 14:25:51'),
(579, 1, 2, '2023-11-22 21:31:49'),
(580, 1, 1, '2023-11-22 21:33:04'),
(581, 1, 1, '2023-11-22 21:34:19'),
(582, 1, 1, '2023-11-22 21:42:14'),
(583, 1, 0, '2023-11-22 21:43:04'),
(584, 1, 0, '2023-11-22 21:46:49'),
(585, 1, 0, '2023-11-22 21:54:25'),
(586, 1, 0, '2023-11-22 21:54:31'),
(587, 1, 0, '2023-11-22 21:55:44'),
(588, 1, 0, '2023-11-22 21:56:06'),
(589, 1, 0, '2023-11-22 21:56:09'),
(590, 1, 0, '2023-11-22 21:56:48'),
(591, 1, 0, '2023-11-22 21:56:50'),
(592, 1, 0, '2023-11-22 21:56:52'),
(593, 1, 0, '2023-11-22 21:58:12'),
(594, 1, 0, '2023-11-22 22:00:13'),
(595, 1, 0, '2023-11-22 22:01:06'),
(596, 1, 0, '2023-11-22 22:01:32'),
(597, 1, 0, '2023-11-22 22:05:09'),
(598, 1, 0, '2023-11-22 22:08:08'),
(599, 1, 0, '2023-11-22 22:37:33'),
(600, 1, 0, '2023-11-22 22:39:57'),
(601, 1, 3, '2023-11-22 22:40:33'),
(602, 1, 5, '2023-11-22 22:42:11'),
(603, 1, 0, '2023-11-22 22:48:02'),
(604, 1, 0, '2023-11-22 23:30:39'),
(605, 1, 0, '2023-11-22 23:31:02'),
(606, 1, 0, '2023-11-22 23:32:20'),
(607, 1, 0, '2023-11-22 23:32:37'),
(608, 1, 0, '2023-11-22 23:32:57'),
(609, 1, 0, '2023-11-22 23:33:08'),
(610, 1, 0, '2023-11-22 23:33:46'),
(611, 1, 0, '2023-11-22 23:34:16'),
(612, 1, 0, '2023-11-22 23:35:12'),
(613, 1, 0, '2023-11-22 23:35:40'),
(614, 1, 0, '2023-11-22 23:35:57'),
(615, 1, 0, '2023-11-22 23:37:10'),
(616, 1, 5, '2023-11-22 23:37:19'),
(617, 1, 0, '2023-11-22 23:38:15'),
(618, 1, 0, '2023-11-22 23:38:31'),
(619, 1, 0, '2023-11-22 23:41:37'),
(620, 1, 0, '2023-11-22 23:42:27'),
(621, 1, 0, '2023-11-22 23:42:52'),
(622, 2, 0, '2023-11-22 23:49:55'),
(623, 2, 0, '2023-11-22 23:50:56'),
(624, 2, 0, '2023-11-22 23:54:30'),
(625, 1, 0, '2023-11-22 23:56:34'),
(626, 2, 0, '2023-11-22 23:58:10'),
(627, 2, 0, '2023-11-22 23:59:04'),
(628, 2, 0, '2023-11-23 00:00:47'),
(629, 2, 0, '2023-11-23 00:01:14'),
(630, 2, 0, '2023-11-23 00:01:59'),
(631, 2, 0, '2023-11-23 00:02:36'),
(632, 2, 0, '2023-11-23 00:03:02'),
(633, 2, 0, '2023-11-23 00:03:34'),
(634, 2, 0, '2023-11-23 00:04:17'),
(635, 2, 0, '2023-11-23 00:31:51'),
(636, 2, 0, '2023-11-23 00:32:41'),
(637, 2, 0, '2023-11-23 00:33:20'),
(638, 2, 0, '2023-11-23 00:34:22'),
(639, 2, 0, '2023-11-23 00:35:19'),
(640, 2, 0, '2023-11-23 00:35:57'),
(641, 2, 0, '2023-11-23 00:36:20'),
(642, 2, 0, '2023-11-23 00:36:34'),
(643, 2, 0, '2023-11-23 00:36:39'),
(644, 2, 0, '2023-11-23 00:36:53'),
(645, 2, 0, '2023-11-23 00:37:10'),
(646, 2, 0, '2023-11-23 00:37:26'),
(647, 2, 0, '2023-11-23 00:38:27'),
(648, 2, 0, '2023-11-23 00:38:58'),
(649, 2, 0, '2023-11-23 00:39:06'),
(650, 2, 0, '2023-11-23 00:40:20'),
(651, 2, 0, '2023-11-23 00:40:46'),
(652, 2, 0, '2023-11-23 00:41:01'),
(653, 2, 0, '2023-11-23 00:42:02'),
(654, 2, 0, '2023-11-23 00:42:28'),
(655, 2, 0, '2023-11-23 00:50:10'),
(656, 2, 0, '2023-11-23 00:51:05'),
(657, 2, 0, '2023-11-23 00:51:41'),
(658, 2, 0, '2023-11-23 00:52:25'),
(659, 2, 0, '2023-11-23 00:52:50'),
(660, 2, 0, '2023-11-23 00:53:53'),
(661, 2, 0, '2023-11-23 00:54:39'),
(662, 2, 0, '2023-11-23 00:54:52'),
(663, 2, 0, '2023-11-23 00:55:01'),
(664, 2, 0, '2023-11-23 00:55:20'),
(665, 2, 0, '2023-11-23 00:55:34'),
(666, 2, 0, '2023-11-23 00:56:11'),
(667, 2, 0, '2023-11-23 00:57:13'),
(668, 2, 0, '2023-11-23 00:57:53'),
(669, 2, 0, '2023-11-23 00:58:26'),
(670, 2, 0, '2023-11-23 00:59:06'),
(671, 2, 0, '2023-11-23 01:00:08'),
(672, 2, 0, '2023-11-23 01:01:26'),
(673, 2, 1, '2023-11-23 01:03:30'),
(674, 2, 1, '2023-11-23 01:03:35'),
(675, 2, 9, '2023-11-23 01:04:50'),
(676, 2, 0, '2023-11-23 01:04:53'),
(677, 2, 0, '2023-11-23 01:05:58'),
(678, 2, 0, '2023-11-23 01:06:06'),
(679, 2, 0, '2023-11-23 01:06:37'),
(680, 2, 1, '2023-11-23 01:07:04'),
(681, 2, 0, '2023-11-23 01:07:08'),
(682, 2, 0, '2023-11-23 01:07:11'),
(683, 2, 0, '2023-11-23 01:12:28'),
(684, 2, 1, '2023-11-23 01:13:34'),
(685, 2, 0, '2023-11-23 01:15:45'),
(686, 2, 1, '2023-11-23 01:16:20'),
(687, 2, 0, '2023-11-23 01:16:22'),
(688, 2, 0, '2023-11-23 01:16:34'),
(689, 2, 0, '2023-11-23 01:16:45'),
(690, 2, 0, '2023-11-23 01:17:34'),
(691, 2, 0, '2023-11-23 01:21:51'),
(692, 2, 0, '2023-11-23 01:21:53'),
(693, 2, 0, '2023-11-23 01:22:18'),
(694, 2, 0, '2023-11-23 01:24:22'),
(695, 2, 6, '2023-11-23 01:26:50'),
(696, 2, 0, '2023-11-23 01:27:05'),
(697, 2, 0, '2023-11-23 01:27:07'),
(698, 2, 1, '2023-11-23 01:28:54'),
(699, 2, 0, '2023-11-23 17:40:33'),
(700, 2, 0, '2023-11-23 17:40:42'),
(701, 3, 0, '2023-11-23 18:00:13'),
(702, 3, 0, '2023-11-23 18:01:54'),
(703, 3, 0, '2023-11-23 18:04:21'),
(704, 3, 1, '2023-11-23 18:06:09'),
(705, 3, 0, '2023-11-23 18:16:52'),
(706, 3, 1, '2023-11-23 18:18:10'),
(707, 1, 3, '2023-11-24 01:05:29'),
(708, 1, 1, '2023-11-24 01:05:59'),
(709, 1, 1, '2023-11-24 01:07:16'),
(710, 1, 1, '2023-11-24 01:24:07'),
(711, 1, 1, '2023-11-24 14:07:57'),
(712, 1, 0, '2023-11-24 14:25:11'),
(713, 1, 1, '2023-11-24 14:26:18'),
(714, 1, 1, '2023-11-24 14:26:46'),
(715, 1, 1, '2023-11-24 14:28:49'),
(716, 1, 1, '2023-11-24 14:29:45'),
(717, 1, 0, '2023-11-24 14:29:56'),
(718, 1, 1, '2023-11-24 14:31:00'),
(719, 1, 6, '2023-11-24 14:35:52'),
(720, 1, 2, '2023-11-24 16:32:13');

-- --------------------------------------------------------

--
-- Table structure for table `pregunta`
--

CREATE TABLE `pregunta` (
  `id` int(60) NOT NULL,
  `descripcion` varchar(255) NOT NULL,
  `enviada` int(1) NOT NULL DEFAULT 0,
  `id_estado` int(11) NOT NULL,
  `id_categoria_fk` int(11) NOT NULL,
  `veces_bien` int(11) NOT NULL,
  `veces_mal` int(11) NOT NULL,
  `es_facil` tinyint(1) NOT NULL DEFAULT 1
) ENGINE=InnoDB DEFAULT CHARSET=utf8mb4 COLLATE=utf8mb4_general_ci;

--
-- Dumping data for table `pregunta`
--

INSERT INTO `pregunta` (`id`, `descripcion`, `enviada`, `id_estado`, `id_categoria_fk`, `veces_bien`, `veces_mal`, `es_facil`) VALUES
(1, '¿Cuál es el océano más grande del mundo?', 0, 2, 1, 44, 8, 1),
(2, '¿Quién escribió \"Don Quijote de la Mancha\"?', 0, 3, 1, 43, 6, 1),
(3, '¿Cuál es el símbolo químico del oro?', 0, 3, 1, 4, 10, 0),
(4, '¿En qué país se encuentra la Torre Eiffel?', 0, 3, 1, 34, 8, 1),
(5, '¿Cuál es el planeta más cercano al Sol?', 0, 3, 1, 42, 5, 1),
(6, '¿En qué año se fundó la Organización de las Naciones Unidas (ONU)?', 0, 2, 1, 45, 6, 1),
(7, '¿Cuál es la capital de Australia?', 0, 2, 1, 36, 10, 1),
(8, '¿Cuál es la capital de Japón?', 0, 2, 1, 37, 5, 1),
(9, '¿Cuál es el símbolo químico del oxígeno?', 0, 3, 1, 52, 6, 1),
(10, '¿Quién pintó la Mona Lisa?', 0, 2, 1, 41, 6, 1),
(44, '¿Qué significa PHP?', 0, 2, 2, 2, 0, 1),
(45, '¿Cuál es el operador utilizado para concatenar cadenas en PHP?', 0, 2, 2, 0, 0, 1),
(46, '¿Cuál es la forma correcta de comentar una línea en PHP?', 0, 2, 2, 0, 0, 1),
(47, '¿Cuál es el resultado de la expresión \"3\" + 2 en PHP?', 0, 2, 2, 0, 1, 1),
(48, '¿Cuál es la función utilizada para obtener la longitud de una cadena en PHP?', 0, 2, 2, 0, 0, 1),
(49, '¿Cuál es el símbolo utilizado para acceder a propiedades de un objeto en PHP?', 0, 2, 2, 0, 0, 1),
(51, '¿Cuál es la función utilizada para obtener la fecha y hora actual en PHP?', 0, 3, 2, 0, 1, 1),
(52, '¿Cuál es la forma correcta de declarar una variable en PHP?', 0, 3, 2, 0, 0, 0),
(53, '¿Cuál es la función utilizada para redirigir a otra página en PHP?', 0, 2, 2, 1, 0, 1),
(54, '¿Qué significa SQL?', 0, 3, 3, 3, 4, 1),
(55, '¿Cuál es el comando utilizado para crear una nueva tabla en MySQL?', 0, 3, 3, 1, 0, 1),
(56, '¿Cuál es el comando utilizado para insertar datos en una tabla en MySQL?', 0, 3, 3, 0, 0, 1),
(57, '¿Cuál es el operador utilizado para combinar múltiples condiciones en una consulta WHERE en MySQL?', 0, 2, 3, 1, 0, 1),
(58, '¿Cuál es la función utilizada para obtener el número de registros en una tabla en MySQL?', 0, 2, 3, 0, 0, 1),
(59, '¿Cuál es el comando utilizado para eliminar una tabla en MySQL?', 0, 3, 3, 0, 1, 1),
(60, '¿Cuál es el comando utilizado para actualizar datos en una tabla en MySQL?', 0, 3, 3, 0, 0, 1),
(61, '¿Cuál es el tipo de dato utilizado para almacenar valores monetarios en MySQL?', 0, 3, 3, 0, 0, 1),
(62, '¿Cuál es el comando utilizado para seleccionar datos de una tabla en MySQL?', 0, 2, 3, 2, 0, 1),
(63, '¿Cuál es la cláusula utilizada para filtrar registros en una consulta SELECT en MySQL?', 0, 2, 3, 1, 0, 1),
(64, '¿Qué es la herencia en POO?', 0, 2, 4, 0, 0, 1),
(65, '¿Cuál palabra clave se utiliza para crear una instancia de una clase en Java?', 0, 2, 4, 0, 0, 1),
(66, '¿Cuál conceptos está asociado con la encapsulación en POO?', 0, 2, 4, 0, 1, 1),
(67, '¿Qué es el polimorfismo en POO?', 0, 2, 4, 0, 0, 1),
(68, '¿Cuál de los siguientes conceptos está asociado con la abstracción en POO?', 0, 2, 4, 0, 1, 1),
(69, '¿Cuál de las siguientes afirmaciones sobre las interfaces en programación orientada a objetos es correcta?', 0, 2, 4, 0, 0, 1),
(70, '¿Qué es la sobrecarga de métodos en una clase de POO?', 0, 2, 4, 0, 0, 1),
(72, '¿Cuál afirmación sobre las clases abstractas en POO es correcta?', 0, 2, 4, 0, 1, 0),
(74, '¿Qué significa CSS?', 0, 2, 5, 0, 0, 1),
(75, '¿Cuál es la forma de aplicar estilos CSS?', 0, 2, 5, 0, 1, 1),
(76, '¿Cuál de los siguientes selectores CSS selecciona un elemento con el id \"myElement\"?', 0, 2, 5, 0, 0, 1),
(77, '¿Cuál de los siguientes selectores CSS selecciona todos los elementos <p> dentro de un <div>?', 0, 2, 5, 2, 0, 1),
(78, '¿Cuál de los siguientes valores representa el color blanco en RGB?', 0, 2, 5, 0, 0, 1),
(79, '¿Cuál propiedad CSS se utiliza para definir el tamaño de fuente?', 0, 2, 5, 0, 0, 1),
(80, '¿Cuál propiedad CSS se utiliza para aplicar un color de fondo a un elemento?', 0, 2, 5, 1, 1, 1),
(81, '¿Cuál propiedad CSS se utiliza para establecer el margen derecho de un elemento?', 0, 2, 5, 0, 0, 1),
(82, '¿Cuál propiedad CSS se utiliza para alinear un elemento al centro horizontalmente?', 0, 2, 5, 0, 0, 1),
(83, '¿Cuál propiedad CSS se utiliza para crear una sombra alrededor de un elemento?', 0, 2, 5, 0, 0, 1);

-- --------------------------------------------------------

--
-- Table structure for table `respuesta`
--

CREATE TABLE `respuesta` (
  `id` int(255) NOT NULL,
  `id_pregunta` int(255) NOT NULL,
  `A` varchar(255) NOT NULL,
  `B` varchar(255) NOT NULL,
  `C` varchar(255) NOT NULL,
  `D` varchar(255) NOT NULL,
  `opcionCorrecta` varchar(255) NOT NULL
) ENGINE=InnoDB DEFAULT CHARSET=utf8mb4 COLLATE=utf8mb4_general_ci;

--
-- Dumping data for table `respuesta`
--

INSERT INTO `respuesta` (`id`, `id_pregunta`, `A`, `B`, `C`, `D`, `opcionCorrecta`) VALUES
(1, 1, 'Océano Pacífico', 'Océano Atlántico', 'Océano Índico', 'Océano Ártico', 'A'),
(2, 2, 'García Marquez', 'Miguel de Cervantes', 'William Shakespeare', 'Stephen King', 'B'),
(3, 3, 'Au', 'Ag', 'Al', 'Ar', 'A'),
(4, 4, 'Italia', 'Francia', 'Alemania', 'Irak', 'B'),
(5, 5, 'Mercurio', 'Venus', 'Urano', 'Plutón', 'A'),
(6, 6, '1955', '1945', '1953', '1948', 'B'),
(7, 7, 'Canberra', 'Sidney', 'Estambul', 'Milan', 'A'),
(8, 8, 'Pekin', 'Tokio', 'Kioto', 'Osaka', 'B'),
(9, 9, 'O', 'Ox', 'Os', 'Og', 'A'),
(10, 10, 'Rafael Sanzio', 'Leonardo Da Vinci', 'Donato di Niccolò di Betto Bardi (Donatello)', 'Miguel Ángel', 'B'),
(12, 44, 'Hypertext Preprocessor', 'Personal Home Page', 'Pretext Hypertext Processor', 'Hypertext Processor', 'A'),
(13, 45, '+', '&&', '.', ',', 'C'),
(14, 46, '/* This is a comment */', '# This is a comment', '// This is a comment', '-- This is a comment', 'C'),
(15, 47, '5', '32', 'Error', 'NaN', 'A'),
(16, 48, 'length()', 'size()', 'strlen()', 'count()', 'C'),
(17, 49, '.', '->', '::', '/', 'B'),
(18, 51, 'now()', 'currentDateTime()', 'getDate()', 'date()', 'D'),
(19, 52, '$var = 5;', 'var = 5;', 'variable = 5;', '5 = $var;', 'A'),
(20, 53, 'navigateTo()', 'header()', 'redirect()', 'goTo()', 'B'),
(21, 54, 'Structured Query Language', 'Simple Query Language', 'Sequential Query Language', 'Structured Question Language', 'A'),
(22, 55, 'CREATE TABLE', 'ADD TABLE', 'NEW TABLE', 'INSERT TABLE', 'A'),
(23, 56, 'ADD', 'INSERT', 'CREATE', 'UPDATE', 'B'),
(24, 57, 'AND', 'OR', 'NOT', 'XOR', 'A'),
(25, 58, 'COUNT()', 'SUM()', 'MAX()', 'MIN()', 'A'),
(26, 59, 'DROP TABLE', 'DELETE TABLE', 'REMOVE TABLE', 'ERASE TABLE', 'A'),
(27, 60, 'UPDATE', 'ALTER', 'MODIFY', 'CHANGE', 'A'),
(28, 61, 'INT', 'FLOAT', 'CHAR', 'DECIMAL', 'D'),
(29, 62, 'SELECT', 'FETCH', 'GET', 'RETRIEVE', 'A'),
(30, 63, 'WHERE', 'FROM', 'JOIN', 'GROUP BY', 'A'),
(31, 64, 'Crear una nueva clase a partir de una clase existente.', 'Eliminar una clase.', 'Cambiar el nombre de una clase.', 'Dividir una clase en múltiples subclases.', 'A'),
(32, 65, 'new', 'instance', 'create', 'instantiate', 'A'),
(33, 66, 'Limitar el acceso de las variables y acceder mediante métodos.', 'Crear múltiples instancias de una clase.', 'Modificar una clase durante la ejecución.', 'Establecer una relación de parentesco entre clases.', 'A'),
(34, 67, 'Que una clase herede comportamientos de otra.', 'Que una clase tenga múltiples métodos con el mismo nombre pero con diferentes implementaciones.', 'Que una clase herede una interfaz e implemente sus métodos.', 'Todas las anteriores son correctas.', 'B'),
(35, 68, 'Representar una idea o concepto mediante una clase.', 'Crear múltiples instancias de una clase.', 'Modificar el comportamiento de una clase en tiempo de ejecución.', 'Establecer una relación de parentesco entre clases.', 'A'),
(36, 69, 'Una interfaz define un contrato que una clase puede implementar.', 'Una interfaz es una clase abstracta.', 'Una interfaz solo puede contener métodos abstractos.', 'Una clase puede implementar múltiples interfaces.', 'D'),
(37, 70, 'Heredar propiedades y comportamientos de una clase padre.', 'Múltiples métodos con el mismo nombre pero con diferentes parámetros.', 'Ocultar las variables y proporcionar una interfaz para acceder a ellos.', 'Crear múltiples instancias de sí misma.', 'B'),
(38, 72, 'Puede tener métodos abstractos y métodos con implementación.', 'No puede tener constructores.', 'No puede ser heredada.', 'Solo puede tener métodos abstractos.', 'A'),
(39, 74, 'Cascading Style Sheets', 'Creative Style Solutions', 'Code Styling Syntax', 'Coded Style System', 'A'),
(40, 75, 'Utilizando el atributo \"style\" en la etiqueta HTML.', 'Creando una etiqueta <style> en el documento HTML.', 'Enlazando un archivo externo CSS.', 'Todas las anteriores.', 'D'),
(41, 76, '#myElement', '.myElement', 'myElement', '*myElement', 'A'),
(42, 77, 'div p', 'p div', '.p div', '#div p', 'A'),
(43, 78, '#ffffff', '#000000', '#ff0000', '#00ff00', 'A'),
(44, 79, 'font-size', 'font-family', 'font-weight', 'font-color', 'A'),
(45, 80, 'background-color', 'color', 'border-color', 'text-color', 'A'),
(46, 81, 'margin-right', 'margin-left', 'margin-top', 'margin-bottom', 'A'),
(47, 82, 'text-align: center', 'text-align: left', 'text-align: right', 'text-align: justify', 'A'),
(48, 83, 'box-shadow', 'text-shadow', 'border-shadow', 'element-shadow', 'A');

-- --------------------------------------------------------

--
-- Table structure for table `rol`
--

CREATE TABLE `rol` (
  `id` int(11) NOT NULL,
  `descripcion` varchar(30) NOT NULL
) ENGINE=InnoDB DEFAULT CHARSET=utf8mb4 COLLATE=utf8mb4_general_ci;

--
-- Dumping data for table `rol`
--

INSERT INTO `rol` (`id`, `descripcion`) VALUES
(0, 'No_validado'),
(1, 'Administrador'),
(2, 'Editor'),
(3, 'Jugador');

-- --------------------------------------------------------

--
-- Table structure for table `usuario`
--

CREATE TABLE `usuario` (
  `Id` int(11) NOT NULL,
  `nombre_usuario` varchar(100) NOT NULL,
  `contrasenia` varchar(100) NOT NULL,
  `puntaje_max` int(255) NOT NULL,
  `id_rol` int(11) NOT NULL,
  `novato` tinyint(1) NOT NULL DEFAULT 1,
  `veces_bien` int(11) NOT NULL DEFAULT 0,
  `veces_mal` int(11) DEFAULT 0
) ENGINE=InnoDB DEFAULT CHARSET=utf8mb4 COLLATE=utf8mb4_general_ci;

--
-- Dumping data for table `usuario`
--

INSERT INTO `usuario` (`Id`, `nombre_usuario`, `contrasenia`, `puntaje_max`, `id_rol`, `novato`, `veces_bien`, `veces_mal`) VALUES
(1, 'Emma', '456789', 0, 0, 0, 20, 14),
(2, 'Lucas', '123', 0, 0, 0, 22, 6),
(3, 'Manu', '123456', 0, 3, 0, 6, 3);

--
-- Indexes for dumped tables
--

--
-- Indexes for table `categoria`
--
ALTER TABLE `categoria`
  ADD PRIMARY KEY (`id_categoria`),
  ADD KEY `fk_categoria_color` (`id_color`);

--
-- Indexes for table `color`
--
ALTER TABLE `color`
  ADD PRIMARY KEY (`id_color`);

--
-- Indexes for table `estado_pregunta`
--
ALTER TABLE `estado_pregunta`
  ADD PRIMARY KEY (`id`);

--
-- Indexes for table `partida`
--
ALTER TABLE `partida`
  ADD PRIMARY KEY (`id`),
  ADD KEY `id_usuario` (`id_usuario`);

--
-- Indexes for table `pregunta`
--
ALTER TABLE `pregunta`
  ADD PRIMARY KEY (`id`),
  ADD KEY `id_estado` (`id_estado`);

--
-- Indexes for table `respuesta`
--
ALTER TABLE `respuesta`
  ADD PRIMARY KEY (`id`),
  ADD KEY `fk_respuesta_pregunta` (`id_pregunta`);

--
-- Indexes for table `rol`
--
ALTER TABLE `rol`
  ADD PRIMARY KEY (`id`);

--
-- Indexes for table `usuario`
--
ALTER TABLE `usuario`
  ADD PRIMARY KEY (`Id`),
  ADD KEY `id_rol` (`id_rol`);

--
-- AUTO_INCREMENT for dumped tables
--

--
-- AUTO_INCREMENT for table `partida`
--
ALTER TABLE `partida`
  MODIFY `id` int(11) NOT NULL AUTO_INCREMENT, AUTO_INCREMENT=721;

--
-- AUTO_INCREMENT for table `pregunta`
--
ALTER TABLE `pregunta`
  MODIFY `id` int(60) NOT NULL AUTO_INCREMENT, AUTO_INCREMENT=84;

--
-- AUTO_INCREMENT for table `respuesta`
--
ALTER TABLE `respuesta`
  MODIFY `id` int(255) NOT NULL AUTO_INCREMENT, AUTO_INCREMENT=49;

--
-- AUTO_INCREMENT for table `usuario`
--
ALTER TABLE `usuario`
  MODIFY `Id` int(11) NOT NULL AUTO_INCREMENT, AUTO_INCREMENT=4;

--
-- Constraints for dumped tables
--

--
-- Constraints for table `categoria`
--
ALTER TABLE `categoria`
  ADD CONSTRAINT `fk_categoria_color` FOREIGN KEY (`id_color`) REFERENCES `color` (`id_color`);

--
-- Constraints for table `partida`
--
ALTER TABLE `partida`
  ADD CONSTRAINT `fk_usuario_partida` FOREIGN KEY (`id_usuario`) REFERENCES `usuario` (`Id`);

--
-- Constraints for table `pregunta`
--
ALTER TABLE `pregunta`
  ADD CONSTRAINT `fk_pregunta_categoria` FOREIGN KEY (`id_categoria_fk`) REFERENCES `categoria` (`id_categoria`);

--
-- Constraints for table `respuesta`
--
ALTER TABLE `respuesta`
  ADD CONSTRAINT `fk_respuesta_pregunta` FOREIGN KEY (`id_pregunta`) REFERENCES `pregunta` (`id`);
COMMIT;

/*!40101 SET CHARACTER_SET_CLIENT=@OLD_CHARACTER_SET_CLIENT */;
/*!40101 SET CHARACTER_SET_RESULTS=@OLD_CHARACTER_SET_RESULTS */;
/*!40101 SET COLLATION_CONNECTION=@OLD_COLLATION_CONNECTION */;
